CREATE TABLE SYSTEM (VERSION VARCHAR(15));
CREATE TABLE O_WORK (ID INT PRIMARY KEY, NAME VARCHAR(12));
CREATE TABLE LABELS (NAME VARCHAR(255), VAL VARCHAR(5000), LANG VARCHAR(255));
CREATE TABLE LANGUAGES (NAME VARCHAR(255), CODE VARCHAR(2));
CREATE TABLE USERLOGGED (NAME VARCHAR(255), LANG VARCHAR(2));
CREATE TABLE FORMS (ID INTEGER IDENTITY PRIMARY KEY, NAME VARCHAR(255), ENTERDATE DATE, MODIFYDATE DATE, COUNTRY VARCHAR(3));
CREATE TABLE FORMSECTIONS (ID INTEGER IDENTITY PRIMARY KEY, NAME VARCHAR(255));
CREATE TABLE FORMFIELDS (ID INTEGER IDENTITY PRIMARY KEY, SECTION INTEGER, NAME VARCHAR(255), LABEL VARCHAR(255), FTYPE VARCHAR(30), CONTROLLEDLIST VARCHAR(100), MANDATORY BOOLEAN DEFAULT FALSE NOT NULL);
CREATE TABLE CONTROLLEDLIST (CL_NAME VARCHAR(255), CL_KEY VARCHAR(100), CL_VALUE VARCHAR(100));
CREATE TABLE DATA (FORM INTEGER, SECTION INTEGER, FIELD INTEGER, INSERTEDVALUE LONGVARCHAR);
CREATE TABLE COUNTRIES (ID INTEGER IDENTITY PRIMARY KEY, NAME_EN VARCHAR(255), NAME_FR VARCHAR(255), NAME_ES VARCHAR(255), NAME_RU VARCHAR(255), NAME_AR VARCHAR(255), NAME_ZH VARCHAR(255), ISO2 VARCHAR(2), ISO3 VARCHAR(3))
CREATE TABLE YESNO  (ID INTEGER IDENTITY PRIMARY KEY, CODE VARCHAR(4), NAME_EN VARCHAR(255), NAME_FR VARCHAR(255), NAME_ES VARCHAR(255) );
CREATE TABLE CHECKBOXTEST  (ID INTEGER IDENTITY PRIMARY KEY, CODE VARCHAR(4), NAME_EN VARCHAR(255), NAME_FR VARCHAR(255), NAME_ES VARCHAR(255) );
CREATE TABLE SPECIES  (ID INTEGER IDENTITY PRIMARY KEY, CODE VARCHAR(4), NAME_EN VARCHAR(255), NAME_FR VARCHAR(255), NAME_LATIN VARCHAR(255) );
CREATE TABLE VESSELTYPE  (ID INTEGER IDENTITY PRIMARY KEY, CODE VARCHAR(4), NAME_EN VARCHAR(255), NAME_FR VARCHAR(255));
CREATE TABLE ONBOARDSTORAGE  (ID INTEGER IDENTITY PRIMARY KEY, CODE VARCHAR(4), NAME_EN VARCHAR(255), NAME_FR VARCHAR(255));
CREATE TABLE ELECTRONICEQUIPMENT  (ID INTEGER IDENTITY PRIMARY KEY, CODE VARCHAR(4), NAME_EN VARCHAR(255), NAME_FR VARCHAR(255));
CREATE TABLE GEARTYPES  (ID INTEGER IDENTITY PRIMARY KEY, CODE VARCHAR(4), OPERATION VARCHAR(255), NAME_EN VARCHAR(255), NAME_FR VARCHAR(255));
CREATE TABLE GILLNETMATERIAL  (ID INTEGER IDENTITY PRIMARY KEY, CODE VARCHAR(4), NAME_EN VARCHAR(255), NAME_FR VARCHAR(255));
CREATE TABLE LINEMATERIAL  (ID INTEGER IDENTITY PRIMARY KEY, CODE VARCHAR(4), NAME_EN VARCHAR(255), NAME_FR VARCHAR(255));
CREATE TABLE HOOKS  (ID INTEGER IDENTITY PRIMARY KEY, CODE VARCHAR(4), NAME_EN VARCHAR(255), NAME_FR VARCHAR(255));
CREATE TABLE ACTIVITYCODES  (ID INTEGER IDENTITY PRIMARY KEY, CODE VARCHAR(4), NAME_EN VARCHAR(255));
CREATE TABLE DEPTHOFNETDEPLOYMENT  (ID INTEGER IDENTITY PRIMARY KEY, CODE VARCHAR(4), NAME_EN VARCHAR(255));
CREATE TABLE SURFACEFISHERIESSCHOOLSIGHTINGCODES  (ID INTEGER IDENTITY PRIMARY KEY, CODE VARCHAR(4), NAME_EN VARCHAR(255));
CREATE TABLE BAITTYPE  (ID INTEGER IDENTITY PRIMARY KEY, CODE VARCHAR(4), NAME_EN VARCHAR(255));
CREATE TABLE NETSETTINGSTRATEGY  (ID INTEGER IDENTITY PRIMARY KEY, CODE VARCHAR(4), NAME_EN VARCHAR(255));
CREATE TABLE SCHOOLASSOCIATION  (ID INTEGER IDENTITY PRIMARY KEY, CODE VARCHAR(4), NAME_EN VARCHAR(255), NAME_FR VARCHAR(255));
CREATE TABLE STUNNINGCODES  (ID INTEGER IDENTITY PRIMARY KEY, CODE VARCHAR(4), NAME_EN VARCHAR(255), NAME_FR VARCHAR(255));
CREATE TABLE PROCESSINGTYPE  (ID INTEGER IDENTITY PRIMARY KEY, CODE VARCHAR(4), NAME_EN VARCHAR(255), NAME_FR VARCHAR(255));
CREATE TABLE EXTRAPOLATIONMETHOD  (ID INTEGER IDENTITY PRIMARY KEY, CODE VARCHAR(4), NAME_EN VARCHAR(255), NAME_FR VARCHAR(255));
CREATE TABLE SCARCODE  (ID INTEGER IDENTITY PRIMARY KEY, CODE VARCHAR(4), NAME_EN VARCHAR(255), NAME_FR VARCHAR(255));
CREATE TABLE SEXCODE  (ID INTEGER IDENTITY PRIMARY KEY, CODE VARCHAR(4), NAME_EN VARCHAR(255), NAME_FR VARCHAR(255));
CREATE TABLE GILLNETCAPTURECODE  (ID INTEGER IDENTITY PRIMARY KEY, CODE VARCHAR(4), NAME_EN VARCHAR(255), NAME_FR VARCHAR(255));
CREATE TABLE FATEOFINCIDENTALCODE  (ID INTEGER IDENTITY PRIMARY KEY, CODE VARCHAR(4), NAME_EN VARCHAR(255));
CREATE TABLE CONDITIONOFINCIDENTALCAPTURE  (ID INTEGER IDENTITY PRIMARY KEY, CODE VARCHAR(4), NAME_EN VARCHAR(255));
CREATE TABLE TAGCODE  (ID INTEGER IDENTITY PRIMARY KEY, CODE VARCHAR(4), NAME_EN VARCHAR(255));

INSERT INTO SYSTEM (VERSION) VALUES ('0.5.0');

INSERT INTO CONTROLLEDLIST (CL_NAME, CL_KEY, CL_VALUE) VALUES ('COUNTRIES', 'ISO3', 'NAME_EN');
INSERT INTO CONTROLLEDLIST (CL_NAME, CL_KEY, CL_VALUE) VALUES ('YESNO', 'CODE', 'NAME_EN');
INSERT INTO CONTROLLEDLIST (CL_NAME, CL_KEY, CL_VALUE) VALUES ('CHECKBOXTEST', 'CODE', 'NAME_EN');
INSERT INTO CONTROLLEDLIST (CL_NAME, CL_KEY, CL_VALUE) VALUES ('SPECIES', 'CODE', 'NAME_EN');
INSERT INTO CONTROLLEDLIST (CL_NAME, CL_KEY, CL_VALUE) VALUES ('VESSELTYPE', 'CODE', 'NAME_EN');
INSERT INTO CONTROLLEDLIST (CL_NAME, CL_KEY, CL_VALUE) VALUES ('ONBOARDSTORAGE', 'CODE', 'NAME_EN');
INSERT INTO CONTROLLEDLIST (CL_NAME, CL_KEY, CL_VALUE) VALUES ('ELECTRONICEQUIPMENT', 'CODE', 'NAME_EN');
INSERT INTO CONTROLLEDLIST (CL_NAME, CL_KEY, CL_VALUE) VALUES ('GEARTYPES', 'CODE', 'NAME_EN');
INSERT INTO CONTROLLEDLIST (CL_NAME, CL_KEY, CL_VALUE) VALUES ('GILLNETMATERIAL', 'CODE', 'NAME_EN');
INSERT INTO CONTROLLEDLIST (CL_NAME, CL_KEY, CL_VALUE) VALUES ('LINEMATERIAL', 'CODE', 'NAME_EN');
INSERT INTO CONTROLLEDLIST (CL_NAME, CL_KEY, CL_VALUE) VALUES ('HOOKS', 'CODE', 'NAME_EN');
INSERT INTO CONTROLLEDLIST (CL_NAME, CL_KEY, CL_VALUE) VALUES ('ACTIVITYCODES', 'CODE', 'NAME_EN');
INSERT INTO CONTROLLEDLIST (CL_NAME, CL_KEY, CL_VALUE) VALUES ('DEPTHOFNETDEPLOYMENT', 'CODE', 'NAME_EN');
INSERT INTO CONTROLLEDLIST (CL_NAME, CL_KEY, CL_VALUE) VALUES ('SURFACEFISHERIESSCHOOLSIGHTINGCODES', 'CODE', 'NAME_EN');
INSERT INTO CONTROLLEDLIST (CL_NAME, CL_KEY, CL_VALUE) VALUES ('BAITTYPE', 'CODE', 'NAME_EN');
INSERT INTO CONTROLLEDLIST (CL_NAME, CL_KEY, CL_VALUE) VALUES ('NETSETTINGSTRATEGY', 'CODE', 'NAME_EN');
INSERT INTO CONTROLLEDLIST (CL_NAME, CL_KEY, CL_VALUE) VALUES ('SCHOOLASSOCIATION', 'CODE', 'NAME_EN');
INSERT INTO CONTROLLEDLIST (CL_NAME, CL_KEY, CL_VALUE) VALUES ('STUNNINGCODES', 'CODE', 'NAME_EN');
INSERT INTO CONTROLLEDLIST (CL_NAME, CL_KEY, CL_VALUE) VALUES ('PROCESSINGTYPE', 'CODE', 'NAME_EN');
INSERT INTO CONTROLLEDLIST (CL_NAME, CL_KEY, CL_VALUE) VALUES ('EXTRAPOLATIONMETHOD', 'CODE', 'NAME_EN');
INSERT INTO CONTROLLEDLIST (CL_NAME, CL_KEY, CL_VALUE) VALUES ('SCARCODE', 'CODE', 'NAME_EN');
INSERT INTO CONTROLLEDLIST (CL_NAME, CL_KEY, CL_VALUE) VALUES ('SEXCODE', 'CODE', 'NAME_EN');
INSERT INTO CONTROLLEDLIST (CL_NAME, CL_KEY, CL_VALUE) VALUES ('GILLNETCAPTURECODE', 'CODE', 'NAME_EN');
INSERT INTO CONTROLLEDLIST (CL_NAME, CL_KEY, CL_VALUE) VALUES ('FATEOFINCIDENTALCODE', 'CODE', 'NAME_EN');
INSERT INTO CONTROLLEDLIST (CL_NAME, CL_KEY, CL_VALUE) VALUES ('CONDITIONOFINCIDENTALCAPTURE', 'CODE', 'NAME_EN');
INSERT INTO CONTROLLEDLIST (CL_NAME, CL_KEY, CL_VALUE) VALUES ('TAGCODE', 'CODE', 'NAME_EN');

INSERT INTO FORMSECTIONS (NAME) VALUES ('Form 1 - GEN');
INSERT INTO FORMSECTIONS (NAME) VALUES ('Form 2 - LL');
INSERT INTO FORMSECTIONS (NAME) VALUES ('Form 2 - GIL');
INSERT INTO FORMSECTIONS (NAME) VALUES ('Form 2 - PS');
INSERT INTO FORMSECTIONS (NAME) VALUES ('Form 2 - PL');
INSERT INTO FORMSECTIONS (NAME) VALUES ('Form 3 - GEN');
INSERT INTO FORMSECTIONS (NAME) VALUES ('Form 4 - LL');
INSERT INTO FORMSECTIONS (NAME) VALUES ('Form 4 - GIL');
INSERT INTO FORMSECTIONS (NAME) VALUES ('Form 4 - PS');
INSERT INTO FORMSECTIONS (NAME) VALUES ('Form 4 - PL');
INSERT INTO FORMSECTIONS (NAME) VALUES ('Form 5 - GEN');
INSERT INTO FORMSECTIONS (NAME) VALUES ('Form 6 - GEN');

INSERT INTO FORMFIELDS (SECTION, NAME, LABEL, FTYPE, CONTROLLEDLIST, MANDATORY) VALUES (0, 'divider01', 'VESSELINFORMATION', 'divider', NULL, TRUE);
INSERT INTO FORMFIELDS (SECTION, NAME, LABEL, FTYPE, CONTROLLEDLIST, MANDATORY) VALUES (0, 'vesselname', 'VESSELNAME', 'text', NULL, TRUE);
INSERT INTO FORMFIELDS (SECTION, NAME, LABEL, FTYPE, CONTROLLEDLIST, MANDATORY) VALUES (0, 'vesseltype', 'VESSELTYPE', 'dropdown', 'VESSELTYPE', TRUE);
INSERT INTO FORMFIELDS (SECTION, NAME, LABEL, FTYPE, CONTROLLEDLIST, MANDATORY) VALUES (0, 'maingear', 'MAINGEAR', 'dropdown', 'GEARTYPES', TRUE);
INSERT INTO FORMFIELDS (SECTION, NAME, LABEL, FTYPE, CONTROLLEDLIST, MANDATORY) VALUES (0, 'nationalregistrationnumber', 'NATIONALREGISTRATIONNUMBER', 'text', NULL, TRUE);
INSERT INTO FORMFIELDS (SECTION, NAME, LABEL, FTYPE, CONTROLLEDLIST, MANDATORY) VALUES (0, 'vasseliotcnumber', 'VESSELIOTCNUMBER', 'text', NULL, TRUE);
INSERT INTO FORMFIELDS (SECTION, NAME, LABEL, FTYPE, CONTROLLEDLIST, MANDATORY) VALUES (0, 'portofregistration', 'PORTOFREGISTRATION', 'text', NULL, TRUE);
INSERT INTO FORMFIELDS (SECTION, NAME, LABEL, FTYPE, CONTROLLEDLIST, MANDATORY) VALUES (0, 'licensedtargetspecies', 'LICENSEDTARGETSPECIES', 'autocomplete', 'SPECIES', FALSE);
INSERT INTO FORMFIELDS (SECTION, NAME, LABEL, FTYPE, CONTROLLEDLIST, MANDATORY) VALUES (0, 'imonumber', 'IMONUMBER', 'text', NULL, FALSE);
INSERT INTO FORMFIELDS (SECTION, NAME, LABEL, FTYPE, CONTROLLEDLIST, MANDATORY) VALUES (0, 'portofdeparture', 'PORTOFDEPARTURE', 'text', NULL, TRUE);
INSERT INTO FORMFIELDS (SECTION, NAME, LABEL, FTYPE, CONTROLLEDLIST, MANDATORY) VALUES (0, 'datevesselsailed', 'DATEVESSELSAILED', 'date', NULL, TRUE);
INSERT INTO FORMFIELDS (SECTION, NAME, LABEL, FTYPE, CONTROLLEDLIST, MANDATORY) VALUES (0, 'datevesselreturned', 'DATEVESSELRETURNED', 'date', NULL, TRUE);
INSERT INTO FORMFIELDS (SECTION, NAME, LABEL, FTYPE, CONTROLLEDLIST, MANDATORY) VALUES (0, 'portofreturn', 'PORTOFRETURN', 'text', NULL, TRUE);
INSERT INTO FORMFIELDS (SECTION, NAME, LABEL, FTYPE, CONTROLLEDLIST, MANDATORY) VALUES (0, 'divider02', 'OBSERVERDEPLOYMENTDETAILS', 'divider', NULL, TRUE);
INSERT INTO FORMFIELDS (SECTION, NAME, LABEL, FTYPE, CONTROLLEDLIST, MANDATORY) VALUES (0, 'observername', 'OBSERVERNAME', 'text', NULL, TRUE);
INSERT INTO FORMFIELDS (SECTION, NAME, LABEL, FTYPE, CONTROLLEDLIST, MANDATORY) VALUES (0, 'observernationality', 'OBSERVERNATIONALITY', 'text', NULL, TRUE);
INSERT INTO FORMFIELDS (SECTION, NAME, LABEL, FTYPE, CONTROLLEDLIST, MANDATORY) VALUES (0, 'observeriotcregnumber', 'OBSERVERIOTCREGNUMBER', 'text', NULL, TRUE);
INSERT INTO FORMFIELDS (SECTION, NAME, LABEL, FTYPE, CONTROLLEDLIST, MANDATORY) VALUES (0, 'employer', 'EMPLOYER', 'text', NULL, TRUE);
INSERT INTO FORMFIELDS (SECTION, NAME, LABEL, FTYPE, CONTROLLEDLIST, MANDATORY) VALUES (0, 'dateimbarkation', 'DATEIMBARKATION', 'date', NULL, TRUE);
INSERT INTO FORMFIELDS (SECTION, NAME, LABEL, FTYPE, CONTROLLEDLIST, MANDATORY) VALUES (0, 'locationimbarkation', 'LOCATIONIMBARKATION', 'text', NULL, TRUE);
INSERT INTO FORMFIELDS (SECTION, NAME, LABEL, FTYPE, CONTROLLEDLIST, MANDATORY) VALUES (0, 'datedisimbarkation', 'DATEDISIMBARKATION', 'date', NULL, TRUE);
INSERT INTO FORMFIELDS (SECTION, NAME, LABEL, FTYPE, CONTROLLEDLIST, MANDATORY) VALUES (0, 'locationdisimbarkation', 'LOCATIONDISIMBARKATION', 'text', NULL, TRUE);
INSERT INTO FORMFIELDS (SECTION, NAME, LABEL, FTYPE, CONTROLLEDLIST, MANDATORY) VALUES (0, 'contactperson', 'CONTACTPERSON', 'text', NULL, TRUE);
INSERT INTO FORMFIELDS (SECTION, NAME, LABEL, FTYPE, CONTROLLEDLIST, MANDATORY) VALUES (0, 'divider03', 'OBSERVERTRIPINFORMATION', 'divider', NULL, TRUE);
INSERT INTO FORMFIELDS (SECTION, NAME, LABEL, FTYPE, CONTROLLEDLIST, MANDATORY) VALUES (0, 'totalnumberoffishingoperation', 'TOTALNUMBEROFFISSHINGOPERATION', 'text', NULL, TRUE);
INSERT INTO FORMFIELDS (SECTION, NAME, LABEL, FTYPE, CONTROLLEDLIST, MANDATORY) VALUES (0, 'totalnumberofobservedoperation', 'TOTALNUMBEROFOBSERVEDOPERATION', 'text', NULL, TRUE);
INSERT INTO FORMFIELDS (SECTION, NAME, LABEL, FTYPE, CONTROLLEDLIST, MANDATORY) VALUES (0, 'detailsofsamplingstrategy', 'DETAILSOFSAMPLINGSTRATEGY', 'text', NULL, TRUE);
INSERT INTO FORMFIELDS (SECTION, NAME, LABEL, FTYPE, CONTROLLEDLIST, MANDATORY) VALUES (0, 'totaldaysinfishingarea', 'TOTALDAYSINFISHINGAREA', 'text', NULL, TRUE);
INSERT INTO FORMFIELDS (SECTION, NAME, LABEL, FTYPE, CONTROLLEDLIST, MANDATORY) VALUES (0, 'totaldaystransitingfisharea', 'TOTALDAYSTRANSITINGFISHINGAREA', 'text', NULL, TRUE);
INSERT INTO FORMFIELDS (SECTION, NAME, LABEL, FTYPE, CONTROLLEDLIST, MANDATORY) VALUES (0, 'datesearching', 'DATESEARCHING', 'text', NULL, TRUE);
INSERT INTO FORMFIELDS (SECTION, NAME, LABEL, FTYPE, CONTROLLEDLIST, MANDATORY) VALUES (0, 'datesactivefishing', 'DATESACTIVEFISHING', 'text', NULL, TRUE);
INSERT INTO FORMFIELDS (SECTION, NAME, LABEL, FTYPE, CONTROLLEDLIST, MANDATORY) VALUES (0, 'nomberoflostdays', 'NUMBEROFLOSTDAYS', 'text', NULL, TRUE);
INSERT INTO FORMFIELDS (SECTION, NAME, LABEL, FTYPE, CONTROLLEDLIST, MANDATORY) VALUES (0, 'reasonfortimelost', 'REASONFORTIMELOST', 'text', NULL, TRUE);
INSERT INTO FORMFIELDS (SECTION, NAME, LABEL, FTYPE, CONTROLLEDLIST, MANDATORY) VALUES (0, 'divider04', 'VESSELOWNERPERSONNEL', 'divider', NULL, TRUE);
INSERT INTO FORMFIELDS (SECTION, NAME, LABEL, FTYPE, CONTROLLEDLIST, MANDATORY) VALUES (0, 'vesselowner', 'VESSELOWNER', 'text', NULL, TRUE);
INSERT INTO FORMFIELDS (SECTION, NAME, LABEL, FTYPE, CONTROLLEDLIST, MANDATORY) VALUES (0, 'characteroperator', 'CHARACTEROPERATOR', 'text', NULL, TRUE);
INSERT INTO FORMFIELDS (SECTION, NAME, LABEL, FTYPE, CONTROLLEDLIST, MANDATORY) VALUES (0, 'fishingmaster', 'FISHINGMASTER', 'text', NULL, TRUE);
INSERT INTO FORMFIELDS (SECTION, NAME, LABEL, FTYPE, CONTROLLEDLIST, MANDATORY) VALUES (0, 'fishingmasternationality', 'FISHINGMASTERNATIONALITY', 'text', NULL, TRUE);
INSERT INTO FORMFIELDS (SECTION, NAME, LABEL, FTYPE, CONTROLLEDLIST, MANDATORY) VALUES (0, 'skipper', 'SKIPPER', 'text', NULL, TRUE);
INSERT INTO FORMFIELDS (SECTION, NAME, LABEL, FTYPE, CONTROLLEDLIST, MANDATORY) VALUES (0, 'skippernationality', 'SKIPPERNATIONALITY', 'text', NULL, TRUE);
INSERT INTO FORMFIELDS (SECTION, NAME, LABEL, FTYPE, CONTROLLEDLIST, MANDATORY) VALUES (0, 'crewnumber', 'CREWNUMBER', 'text', NULL, TRUE);
INSERT INTO FORMFIELDS (SECTION, NAME, LABEL, FTYPE, CONTROLLEDLIST, MANDATORY) VALUES (0, 'divider05', 'VESSELDETAILS', 'divider', NULL, TRUE);
INSERT INTO FORMFIELDS (SECTION, NAME, LABEL, FTYPE, CONTROLLEDLIST, MANDATORY) VALUES (0, 'flag', 'FLAG', 'dropdown', 'COUNTRIES', TRUE);
INSERT INTO FORMFIELDS (SECTION, NAME, LABEL, FTYPE, CONTROLLEDLIST, MANDATORY) VALUES (0, 'ircs', 'IRCS', 'text', NULL, TRUE);
INSERT INTO FORMFIELDS (SECTION, NAME, LABEL, FTYPE, CONTROLLEDLIST, MANDATORY) VALUES (0, 'grt', 'GRT', 'text', NULL, TRUE);
INSERT INTO FORMFIELDS (SECTION, NAME, LABEL, FTYPE, CONTROLLEDLIST, MANDATORY) VALUES (0, 'loa', 'LOA', 'text', NULL, TRUE);
INSERT INTO FORMFIELDS (SECTION, NAME, LABEL, FTYPE, CONTROLLEDLIST, MANDATORY) VALUES (0, 'fishcapacity', 'FISHCAPACITY', 'text', NULL, TRUE);
INSERT INTO FORMFIELDS (SECTION, NAME, LABEL, FTYPE, CONTROLLEDLIST, MANDATORY) VALUES (0, 'refrigerationmethods', 'REFRIGERATIONMETHODS', 'textarea', NULL, TRUE);
INSERT INTO FORMFIELDS (SECTION, NAME, LABEL, FTYPE, CONTROLLEDLIST, MANDATORY) VALUES (0, 'fishstoragemethod', 'FISHSTORAGEMETHOD', 'textarea', NULL, TRUE);
INSERT INTO FORMFIELDS (SECTION, NAME, LABEL, FTYPE, CONTROLLEDLIST, MANDATORY) VALUES (0, 'blastfreezercapacity', 'BLASTFREEZERCAPACITY', 'text', NULL, TRUE);
INSERT INTO FORMFIELDS (SECTION, NAME, LABEL, FTYPE, CONTROLLEDLIST, MANDATORY) VALUES (0, 'hullmaterial', 'HULLMATERIAL', 'text', NULL, TRUE);
INSERT INTO FORMFIELDS (SECTION, NAME, LABEL, FTYPE, CONTROLLEDLIST, MANDATORY) VALUES (0, 'mainengine', 'MAINENGINE', 'text', NULL, TRUE);
INSERT INTO FORMFIELDS (SECTION, NAME, LABEL, FTYPE, CONTROLLEDLIST, MANDATORY) VALUES (0, 'vesselrange', 'VESSELRANGE', 'text', NULL, TRUE);
INSERT INTO FORMFIELDS (SECTION, NAME, LABEL, FTYPE, CONTROLLEDLIST, MANDATORY) VALUES (0, 'vesselphone', 'VESSELPHONE', 'text', NULL, TRUE);
INSERT INTO FORMFIELDS (SECTION, NAME, LABEL, FTYPE, CONTROLLEDLIST, MANDATORY) VALUES (0, 'vesselspeed', 'VESSELSPEED', 'text', NULL, TRUE);
INSERT INTO FORMFIELDS (SECTION, NAME, LABEL, FTYPE, CONTROLLEDLIST, MANDATORY) VALUES (0, 'divider06', 'VESSELELECTRONICEQUIPMENT', 'divider', NULL, TRUE);
INSERT INTO FORMFIELDS (SECTION, NAME, LABEL, FTYPE, CONTROLLEDLIST, MANDATORY) VALUES (0, 'presenceabsencepositioningsystem', 'PRESENCEABSENCEPOSITIONINGSYSTEM', 'radio', 'YESNO', TRUE);
INSERT INTO FORMFIELDS (SECTION, NAME, LABEL, FTYPE, CONTROLLEDLIST, MANDATORY) VALUES (0, 'presenceabsencepositioningsystemrecord', 'PRESENCEABSENCEPOSITIONINGSYSTEMRECORD', 'text', NULL, FALSE);
INSERT INTO FORMFIELDS (SECTION, NAME, LABEL, FTYPE, CONTROLLEDLIST, MANDATORY) VALUES (0, 'monitoringsystempresence', 'MONITORINGSYSTEMPRESENCE', 'radio', 'YESNO', TRUE);
INSERT INTO FORMFIELDS (SECTION, NAME, LABEL, FTYPE, CONTROLLEDLIST, MANDATORY) VALUES (0, 'monitoringsystempresencerecord', 'MONITORINGSYSTEMPRESENCERECORD', 'text', NULL, FALSE);
INSERT INTO FORMFIELDS (SECTION, NAME, LABEL, FTYPE, CONTROLLEDLIST, MANDATORY) VALUES (0, 'radarpresence', 'RADARPRESENCE', 'radio', 'YESNO', TRUE);
INSERT INTO FORMFIELDS (SECTION, NAME, LABEL, FTYPE, CONTROLLEDLIST, MANDATORY) VALUES (0, 'radarpresencerecord', 'RADARPRESENCERECORD', 'text', NULL, FALSE);
INSERT INTO FORMFIELDS (SECTION, NAME, LABEL, FTYPE, CONTROLLEDLIST, MANDATORY) VALUES (0, 'plotterpresence', 'PLOTTERPRESENCE', 'radio', 'YESNO', TRUE);
INSERT INTO FORMFIELDS (SECTION, NAME, LABEL, FTYPE, CONTROLLEDLIST, MANDATORY) VALUES (0, 'plotterpresencerecord', 'PLOTTERPRESENCERECORD', 'text', NULL, FALSE);
INSERT INTO FORMFIELDS (SECTION, NAME, LABEL, FTYPE, CONTROLLEDLIST, MANDATORY) VALUES (0, 'acousticpresence', 'ACOUSTICPRESENCE', 'radio', 'YESNO', TRUE);
INSERT INTO FORMFIELDS (SECTION, NAME, LABEL, FTYPE, CONTROLLEDLIST, MANDATORY) VALUES (0, 'acousticpresencemodelrecord', 'ACOUSTICPRESENCEMODELRECORD', 'text', NULL, FALSE);
INSERT INTO FORMFIELDS (SECTION, NAME, LABEL, FTYPE, CONTROLLEDLIST, MANDATORY) VALUES (0, 'acousticpresencemodel2record', 'ACOUSTICPRESENCEMODEL2RECORD', 'text', NULL, FALSE);
INSERT INTO FORMFIELDS (SECTION, NAME, LABEL, FTYPE, CONTROLLEDLIST, MANDATORY) VALUES (0, 'acousticpresencemodel3record', 'ACOUSTICPRESENCEMODELR3ECORD', 'text', NULL, FALSE);
INSERT INTO FORMFIELDS (SECTION, NAME, LABEL, FTYPE, CONTROLLEDLIST, MANDATORY) VALUES (0, 'expendable', 'EXPENDABLE', 'radio', 'YESNO', TRUE);
INSERT INTO FORMFIELDS (SECTION, NAME, LABEL, FTYPE, CONTROLLEDLIST, MANDATORY) VALUES (0, 'bathythermographs', 'BATHYTHERMOGRAPHS', 'radio', 'YESNO', TRUE);
INSERT INTO FORMFIELDS (SECTION, NAME, LABEL, FTYPE, CONTROLLEDLIST, MANDATORY) VALUES (0, 'communcationequipment', 'COMMUNICATIONEQUIPMENT', 'radio', 'YESNO', TRUE);
INSERT INTO FORMFIELDS (SECTION, NAME, LABEL, FTYPE, CONTROLLEDLIST, MANDATORY) VALUES (0, 'radios', 'RADIOS', 'text', NULL, TRUE);
INSERT INTO FORMFIELDS (SECTION, NAME, LABEL, FTYPE, CONTROLLEDLIST, MANDATORY) VALUES (0, 'satellitecommunicationsystem', 'SATELLITECOMMUNICATIONSYSTEM', 'text', NULL, TRUE);
INSERT INTO FORMFIELDS (SECTION, NAME, LABEL, FTYPE, CONTROLLEDLIST, MANDATORY) VALUES (0, 'seasurfacetemperature', 'SEASUSRFACETEMPERATURE', 'text', NULL, TRUE);
INSERT INTO FORMFIELDS (SECTION, NAME, LABEL, FTYPE, CONTROLLEDLIST, MANDATORY) VALUES (0, 'weatherfacsimile', 'WEATHERFACSIMILE', 'text', NULL, TRUE);
INSERT INTO FORMFIELDS (SECTION, NAME, LABEL, FTYPE, CONTROLLEDLIST, MANDATORY) VALUES (0, 'fisheriesinformationservices', 'FISHERIESINFORMATIOSERVICES', 'text', NULL, TRUE);
INSERT INTO FORMFIELDS (SECTION, NAME, LABEL, FTYPE, CONTROLLEDLIST, MANDATORY) VALUES (0, 'radios', 'RADIOS', 'text', NULL, TRUE);
INSERT INTO FORMFIELDS (SECTION, NAME, LABEL, FTYPE, CONTROLLEDLIST, MANDATORY) VALUES (0, 'divider07', 'CATCHTRANSHIPPEDSUMMARY', 'divider', NULL, TRUE);
INSERT INTO FORMFIELDS (SECTION, NAME, LABEL, FTYPE, CONTROLLEDLIST, MANDATORY) VALUES (0, 'speciesweighttranshipped', 'SPECIESWEIGHTTRANSHIPPED', 'text', NULL, TRUE);
INSERT INTO FORMFIELDS (SECTION, NAME, LABEL, FTYPE, CONTROLLEDLIST, MANDATORY) VALUES (0, 'carrierfishingvesseldetails', 'CARRIERFISHINGVESSELDETAILS', 'text', NULL, TRUE);
INSERT INTO FORMFIELDS (SECTION, NAME, LABEL, FTYPE, CONTROLLEDLIST, MANDATORY) VALUES (0, 'divider08', 'CATCHONBOARDATDISEMBARKATIONSUMMARY', 'divider', NULL, TRUE);
INSERT INTO FORMFIELDS (SECTION, NAME, LABEL, FTYPE, CONTROLLEDLIST, MANDATORY) VALUES (0, 'totalprocessedweight', 'TOTALPROCESSEDWEIGHT', 'text', NULL, TRUE);
INSERT INTO FORMFIELDS (SECTION, NAME, LABEL, FTYPE, CONTROLLEDLIST, MANDATORY) VALUES (0, 'speciesprocessingcodes', 'SPECIESPROCESSINGCODES', 'text', NULL, TRUE);
INSERT INTO FORMFIELDS (SECTION, NAME, LABEL, FTYPE, CONTROLLEDLIST, MANDATORY) VALUES (0, 'divider09', 'WASTEMANAGEMENT', 'divider', NULL, TRUE);
INSERT INTO FORMFIELDS (SECTION, NAME, LABEL, FTYPE, CONTROLLEDLIST, MANDATORY) VALUES (0, 'wastecategory', 'WASTECATEGORY', 'text', NULL, TRUE);
INSERT INTO FORMFIELDS (SECTION, NAME, LABEL, FTYPE, CONTROLLEDLIST, MANDATORY) VALUES (0, 'soragedisposalmethod', 'STORAGEDISPOSALMETHOD', 'text', NULL, TRUE);

INSERT INTO FORMFIELDS (SECTION, NAME, LABEL, FTYPE, CONTROLLEDLIST) VALUES (1, 'Test04', 'LABEL03', 'text', NULL);
INSERT INTO FORMFIELDS (SECTION, NAME, LABEL, FTYPE, CONTROLLEDLIST, MANDATORY) VALUES (1, 'Test05', 'GEARTYPES', 'dropdown', 'GEARTYPES', TRUE);
INSERT INTO FORMFIELDS (SECTION, NAME, LABEL, FTYPE, CONTROLLEDLIST, MANDATORY) VALUES (2, 'Test06', 'LABEL04', 'text', NULL, TRUE);
INSERT INTO FORMFIELDS (SECTION, NAME, LABEL, FTYPE, CONTROLLEDLIST) VALUES (3, 'Test07', 'LABEL05', 'text', NULL);
INSERT INTO FORMFIELDS (SECTION, NAME, LABEL, FTYPE, CONTROLLEDLIST) VALUES (4, 'Test08', 'LABEL06', 'text', NULL);
INSERT INTO FORMFIELDS (SECTION, NAME, LABEL, FTYPE, CONTROLLEDLIST) VALUES (5, 'Test09', 'LABEL07', 'text', NULL);
INSERT INTO FORMFIELDS (SECTION, NAME, LABEL, FTYPE, CONTROLLEDLIST) VALUES (6, 'Test10', 'LABEL08', 'text', NULL);
INSERT INTO FORMFIELDS (SECTION, NAME, LABEL, FTYPE, CONTROLLEDLIST) VALUES (7, 'Test11', 'LABEL09', 'text', NULL);
INSERT INTO FORMFIELDS (SECTION, NAME, LABEL, FTYPE, CONTROLLEDLIST) VALUES (8, 'Test12', 'LABEL10', 'text', NULL);
INSERT INTO FORMFIELDS (SECTION, NAME, LABEL, FTYPE, CONTROLLEDLIST) VALUES (9, 'Test13', 'LABEL11', 'text', NULL);
INSERT INTO FORMFIELDS (SECTION, NAME, LABEL, FTYPE, CONTROLLEDLIST) VALUES (10, 'Test14', 'LABEL12', 'text', NULL);
INSERT INTO FORMFIELDS (SECTION, NAME, LABEL, FTYPE, CONTROLLEDLIST) VALUES (11, 'Test15', 'LABEL13', 'text', NULL);

INSERT INTO LANGUAGES VALUES ('English', 'EN');
INSERT INTO LANGUAGES VALUES ('French', 'FR');

INSERT INTO LABELS VALUES ('INSERT_NAME', 'Insert your name', 'EN');
INSERT INTO LABELS VALUES ('INSERT_NAME', 'Insérez votre nom', 'FR');
INSERT INTO LABELS VALUES ('COPYRIGHT', 'Copyright', 'EN');
INSERT INTO LABELS VALUES ('COPYRIGHT', U&'droits d\0027auteur', 'FR');
INSERT INTO LABELS VALUES ('ENGLISH', 'English', 'EN');
INSERT INTO LABELS VALUES ('ENGLISH', 'Anglais', 'FR');
INSERT INTO LABELS VALUES ('FRENCH', 'French', 'EN');
INSERT INTO LABELS VALUES ('FRENCH', 'Français', 'FR');
INSERT INTO LABELS VALUES ('TITLE', 'Observer Collection Form', 'EN');
INSERT INTO LABELS VALUES ('TITLE', 'Observer Formulaire de collecte', 'FR');
INSERT INTO LABELS VALUES ('SUBMIT', 'Submit', 'EN');
INSERT INTO LABELS VALUES ('SUBMIT', 'Soumettre', 'FR');
INSERT INTO LABELS VALUES ('WELCOME', 'Welcome', 'EN');
INSERT INTO LABELS VALUES ('WELCOME', 'Bienvenue', 'FR');
INSERT INTO LABELS VALUES ('STARTNEWFORM', 'Start a new form', 'EN');
INSERT INTO LABELS VALUES ('STARTNEWFORM', 'Démarrer une nouvelle forme', 'FR');
INSERT INTO LABELS VALUES ('GOTOMAINMENU', 'Main Menu', 'EN');
INSERT INTO LABELS VALUES ('GOTOMAINMENU', 'Menu principal', 'FR');
INSERT INTO LABELS VALUES ('INSERTFORMNAME', 'Insert the form name', 'EN');
INSERT INTO LABELS VALUES ('INSERTFORMNAME', 'Insérez le nom du formulaire', 'FR');
INSERT INTO LABELS VALUES ('SELECTAFORM', 'Inserted Forms', 'EN');
INSERT INTO LABELS VALUES ('SELECTAFORM', 'Formulaires inséré', 'FR');
INSERT INTO LABELS VALUES ('BACKTOSECTIONLIST', 'Back to sections', 'EN');
INSERT INTO LABELS VALUES ('BACKTOSECTIONLIST', 'Retour aux articles', 'FR');
INSERT INTO LABELS VALUES ('SELECTONE', '-- Select one --', 'EN');
INSERT INTO LABELS VALUES ('SELECTONE', '-- Sélectionnez un --', 'FR');
INSERT INTO LABELS VALUES ('EXPORT', 'Export to XML', 'EN');
INSERT INTO LABELS VALUES ('EXPORT', 'Exporter vers XML', 'FR');
INSERT INTO LABELS VALUES ('INSERTEDON', 'Inserted On', 'EN');
INSERT INTO LABELS VALUES ('INSERTEDON', 'Insérée le', 'FR');
INSERT INTO LABELS VALUES ('INSERTEDONCOLUMN', 'Inserted On:', 'EN');
INSERT INTO LABELS VALUES ('INSERTEDONCOLUMN', 'Insérée le:', 'FR');
INSERT INTO LABELS VALUES ('MODIFIEDON', 'Modified On', 'EN');
INSERT INTO LABELS VALUES ('MODIFIEDON', 'Modifié le', 'FR');
INSERT INTO LABELS VALUES ('SAVEFORM', 'Save Form', 'EN');
INSERT INTO LABELS VALUES ('SAVEFORM', 'Enregistrer le formulaire', 'FR');
INSERT INTO LABELS VALUES ('FORCOUNTRY', 'For Country', 'EN');
INSERT INTO LABELS VALUES ('FORCOUNTRY', 'Pour Pays', 'FR');
INSERT INTO LABELS VALUES ('COUNTRY', 'Country', 'EN');
INSERT INTO LABELS VALUES ('COUNTRY', 'Pays', 'FR');
INSERT INTO LABELS VALUES ('GEARTYPES', 'Gear type', 'EN');
INSERT INTO LABELS VALUES ('GEARTYPES', U&'Type d\0027engin', 'FR');
INSERT INTO LABELS VALUES ('COUNTRYCOLUMN', 'Country:', 'EN');
INSERT INTO LABELS VALUES ('COUNTRYCOLUMN', 'Pays:', 'FR');
INSERT INTO LABELS VALUES ('DELETEFORM', 'Delete Form', 'EN');
INSERT INTO LABELS VALUES ('DELETEFORM', 'Supprimer le formulaire', 'FR');
INSERT INTO LABELS VALUES ('CONFIRMDELETE', 'Are you sure to delete this form?', 'EN');
INSERT INTO LABELS VALUES ('CONFIRMDELETE', 'Êtes-vous sûr de vouloir supprimer cette forme?', 'FR');
INSERT INTO LABELS VALUES ('LABEL01', 'Label01', 'EN');
INSERT INTO LABELS VALUES ('LABEL01', 'Label01', 'FR');
INSERT INTO LABELS VALUES ('LABEL02', 'Label02', 'EN');
INSERT INTO LABELS VALUES ('LABEL02', 'Label02', 'FR');
INSERT INTO LABELS VALUES ('LABEL03', 'Label03', 'EN');
INSERT INTO LABELS VALUES ('LABEL03', 'Label03', 'FR');
INSERT INTO LABELS VALUES ('LABEL04', 'Label04', 'EN');
INSERT INTO LABELS VALUES ('LABEL04', 'Label04', 'FR');
INSERT INTO LABELS VALUES ('LABEL05', 'Label05', 'EN');
INSERT INTO LABELS VALUES ('LABEL05', 'Label05', 'FR');
INSERT INTO LABELS VALUES ('LABEL06', 'Label06', 'EN');
INSERT INTO LABELS VALUES ('LABEL06', 'Label06', 'FR');
INSERT INTO LABELS VALUES ('LABEL07', 'Label07', 'EN');
INSERT INTO LABELS VALUES ('LABEL07', 'Label07', 'FR');
INSERT INTO LABELS VALUES ('LABEL08', 'Label08', 'EN');
INSERT INTO LABELS VALUES ('LABEL08', 'Label08', 'FR');
INSERT INTO LABELS VALUES ('LABEL09', 'Label09', 'EN');
INSERT INTO LABELS VALUES ('LABEL09', 'Label09', 'FR');
INSERT INTO LABELS VALUES ('LABEL10', 'Label10', 'EN');
INSERT INTO LABELS VALUES ('LABEL10', 'Label10', 'FR');
INSERT INTO LABELS VALUES ('LABEL11', 'Label11', 'EN');
INSERT INTO LABELS VALUES ('LABEL11', 'Label11', 'FR');
INSERT INTO LABELS VALUES ('LABEL12', 'Label12', 'EN');
INSERT INTO LABELS VALUES ('LABEL12', 'Label12', 'FR');
INSERT INTO LABELS VALUES ('LABEL13', 'Label13', 'EN');
INSERT INTO LABELS VALUES ('LABEL14', 'Label13', 'FR');
INSERT INTO LABELS VALUES ('RADIOTEST', 'Radio Test', 'EN');
INSERT INTO LABELS VALUES ('RADIOTEST', 'Radio Test[FR]', 'FR');
INSERT INTO LABELS VALUES ('CHECKBOXTEST', 'CheckBox Test', 'EN');
INSERT INTO LABELS VALUES ('CHECKBOXTEST', 'CheckBox Test[FR]', 'FR');
INSERT INTO LABELS VALUES ('DATETEST', 'Date Test', 'EN');
INSERT INTO LABELS VALUES ('DATETEST', 'Date Test[FR]', 'FR');
INSERT INTO LABELS VALUES ('DIVIDER01', 'Section Divider', 'EN');
INSERT INTO LABELS VALUES ('DIVIDER01', 'Section Divider[FR]', 'FR');
INSERT INTO LABELS VALUES ('DIVIDER02', 'Another Section Divider', 'EN');
INSERT INTO LABELS VALUES ('DIVIDER02', 'Another Section Divider[FR]', 'FR');
INSERT INTO LABELS VALUES ('VESSELINFORMATION', 'Vessel Information', 'EN');
INSERT INTO LABELS VALUES ('VESSELINFORMATION', 'Information sur le navire', 'FR');
INSERT INTO LABELS VALUES ('VESSELNAME', 'Vessel Name', 'EN');
INSERT INTO LABELS VALUES ('VESSELNAME', 'Nom du navire', 'FR');
INSERT INTO LABELS VALUES ('VESSELTYPE', 'Vessel Type', 'EN');
INSERT INTO LABELS VALUES ('VESSELTYPE', 'Type de navire', 'FR');

INSERT INTO LABELS VALUES ('MAINGEAR', 'Main gear', 'EN');
INSERT INTO LABELS VALUES ('MAINGEAR', '', 'FR');
INSERT INTO LABELS VALUES ('NATIONALREGISTRATIONNUMBER', 'National registration number', 'EN');
INSERT INTO LABELS VALUES ('NATIONALREGISTRATIONNUMBER', '', 'FR');
INSERT INTO LABELS VALUES ('VESSELIOTCNUMBER', 'Vessel IOTC number', 'EN');
INSERT INTO LABELS VALUES ('VESSELIOTCNUMBER', '', 'FR');
INSERT INTO LABELS VALUES ('PORTOFREGISTRATION', 'Port of registration', 'EN');
INSERT INTO LABELS VALUES ('PORTOFREGISTRATION', '', 'FR');
INSERT INTO LABELS VALUES ('LICENSEDTARGETSPECIES', 'Licensed target species', 'EN');
INSERT INTO LABELS VALUES ('LICENSEDTARGETSPECIES', '', 'FR');
INSERT INTO LABELS VALUES ('IMONUMBER', 'IMO or Lloyd’s number', 'EN');
INSERT INTO LABELS VALUES ('IMONUMBER', '', 'FR');
INSERT INTO LABELS VALUES ('PORTOFDEPARTURE', 'Port of departure', 'EN');
INSERT INTO LABELS VALUES ('PORTOFDEPARTURE', '', 'FR');
INSERT INTO LABELS VALUES ('DATEVESSELSAILED', 'Date / time vessel sailed', 'EN');
INSERT INTO LABELS VALUES ('DATEVESSELSAILED', '', 'FR');
INSERT INTO LABELS VALUES ('DATEVESSELRETURNED', 'Date / time vessel returned to port', 'EN');
INSERT INTO LABELS VALUES ('DATEVESSELRETURNED', '', 'FR');
INSERT INTO LABELS VALUES ('PORTOFRETURN', 'Port of return', 'EN');
INSERT INTO LABELS VALUES ('PORTOFRETURN', '', 'FR');
INSERT INTO LABELS VALUES ('OBSERVERDEPLOYMENTDETAILS', 'Observer and Deployment Details', 'EN');
INSERT INTO LABELS VALUES ('OBSERVERDEPLOYMENTDETAILS', '', 'FR');
INSERT INTO LABELS VALUES ('OBSERVERNAME', 'Observer name', 'EN');
INSERT INTO LABELS VALUES ('OBSERVERNAME', '', 'FR');
INSERT INTO LABELS VALUES ('OBSERVERNATIONALITY', 'Observer nationality', 'EN');
INSERT INTO LABELS VALUES ('OBSERVERNATIONALITY', '', 'FR');
INSERT INTO LABELS VALUES ('OBSERVERIOTCREGNUMBER', 'Observer IOTC registration number', 'EN');
INSERT INTO LABELS VALUES ('OBSERVERIOTCREGNUMBER', '', 'FR');
INSERT INTO LABELS VALUES ('EMPLOYER', 'Employer', 'EN');
INSERT INTO LABELS VALUES ('EMPLOYER', '', 'FR');
INSERT INTO LABELS VALUES ('DATEIMBARKATION', 'Date / time embarkation', 'EN');
INSERT INTO LABELS VALUES ('DATEIMBARKATION', '', 'FR');
INSERT INTO LABELS VALUES ('LOCATIONIMBARKATION', 'Location of embarkation', 'EN');
INSERT INTO LABELS VALUES ('LOCATIONIMBARKATION', '', 'FR');
INSERT INTO LABELS VALUES ('DATEDISIMBARKATION', 'Date / time disembarkation', 'EN');
INSERT INTO LABELS VALUES ('DATEDISIMBARKATION', '', 'FR');
INSERT INTO LABELS VALUES ('LOCATIONDISIMBARKATION', 'Location of disembarkation', 'EN');
INSERT INTO LABELS VALUES ('LOCATIONDISIMBARKATION', '', 'FR');
INSERT INTO LABELS VALUES ('CONTACTPERSON', 'Contact person(s)', 'EN');
INSERT INTO LABELS VALUES ('CONTACTPERSON', '', 'FR');
INSERT INTO LABELS VALUES ('OBSERVERTRIPINFORMATION', 'Observer trip information', 'EN');
INSERT INTO LABELS VALUES ('OBSERVERTRIPINFORMATION', '', 'FR');
INSERT INTO LABELS VALUES ('TOTALNUMBEROFFISSHINGOPERATION', 'Total number of fishing operations/sets', 'EN');
INSERT INTO LABELS VALUES ('TOTALNUMBEROFFISSHINGOPERATION', '', 'FR');
INSERT INTO LABELS VALUES ('TOTALNUMBEROFOBSERVEDOPERATION', 'Total number of operations/sets observed', 'EN');
INSERT INTO LABELS VALUES ('TOTALNUMBEROFOBSERVEDOPERATION', '', 'FR');
INSERT INTO LABELS VALUES ('DETAILSOFSAMPLINGSTRATEGY', 'Details of sampling strategy', 'EN');
INSERT INTO LABELS VALUES ('DETAILSOFSAMPLINGSTRATEGY', '', 'FR');
INSERT INTO LABELS VALUES ('TOTALDAYSINFISHINGAREA', 'Total days spent in fishing area', 'EN');
INSERT INTO LABELS VALUES ('TOTALDAYSINFISHINGAREA', '', 'FR');
INSERT INTO LABELS VALUES ('TOTALDAYSTRANSITINGFISHINGAREA', 'Total days transiting to fishing areas', 'EN');
INSERT INTO LABELS VALUES ('TOTALDAYSTRANSITINGFISHINGAREA', '', 'FR');
INSERT INTO LABELS VALUES ('DATESEARCHING', 'Dates searching', 'EN');
INSERT INTO LABELS VALUES ('DATESEARCHING', '', 'FR');
INSERT INTO LABELS VALUES ('DATESACTIVEFISHING', 'Dates active fishing', 'EN');
INSERT INTO LABELS VALUES ('DATESACTIVEFISHING', '', 'FR');
INSERT INTO LABELS VALUES ('NUMBEROFLOSTDAYS', 'Number of days lost', 'EN');
INSERT INTO LABELS VALUES ('NUMBEROFLOSTDAYS', '', 'FR');
INSERT INTO LABELS VALUES ('REASONFORTIMELOST', 'Reasons for time lost', 'EN');
INSERT INTO LABELS VALUES ('REASONFORTIMELOST', '', 'FR');
INSERT INTO LABELS VALUES ('VESSELOWNERPERSONNEL', 'Vessel Owner and Personnel', 'EN');
INSERT INTO LABELS VALUES ('VESSELOWNERPERSONNEL', '', 'FR');
INSERT INTO LABELS VALUES ('VESSELOWNER', 'Registered vessel owner', 'EN');
INSERT INTO LABELS VALUES ('VESSELOWNER', '', 'FR');
INSERT INTO LABELS VALUES ('CHARACTEROPERATOR', 'Charterer / operator', 'EN');
INSERT INTO LABELS VALUES ('CHARACTEROPERATOR', '', 'FR');
INSERT INTO LABELS VALUES ('FISHINGMASTER', 'Fishing Master name', 'EN');
INSERT INTO LABELS VALUES ('FISHINGMASTER', '', 'FR');
INSERT INTO LABELS VALUES ('FISHINGMASTERNATIONALITY', 'Fishing Master nationality', 'EN');
INSERT INTO LABELS VALUES ('FISHINGMASTERNATIONALITY', '', 'FR');
INSERT INTO LABELS VALUES ('SKIPPER', 'Skipper', 'EN');
INSERT INTO LABELS VALUES ('SKIPPER', '', 'FR');
INSERT INTO LABELS VALUES ('SKIPPERNATIONALITY', 'Skipper nationality', 'EN');
INSERT INTO LABELS VALUES ('SKIPPERNATIONALITY', '', 'FR');
INSERT INTO LABELS VALUES ('CREWNUMBER', 'Number of crew', 'EN');
INSERT INTO LABELS VALUES ('CREWNUMBER', '', 'FR');
INSERT INTO LABELS VALUES ('VESSELDETAILS', 'Vessel specific details', 'EN');
INSERT INTO LABELS VALUES ('VESSELDETAILS', '', 'FR');
INSERT INTO LABELS VALUES ('FLAG', 'Flag', 'EN');
INSERT INTO LABELS VALUES ('FLAG', '', 'FR');
INSERT INTO LABELS VALUES ('IRCS', 'International radio call sign (IRCS)', 'EN');
INSERT INTO LABELS VALUES ('IRCS', '', 'FR');
INSERT INTO LABELS VALUES ('GRT', 'Gross tonnage (GRT or GT)', 'EN');
INSERT INTO LABELS VALUES ('GRT', '', 'FR');
INSERT INTO LABELS VALUES ('LOA', 'Length overall (LOA)', 'EN');
INSERT INTO LABELS VALUES ('LOA', '', 'FR');
INSERT INTO LABELS VALUES ('FISHCAPACITY', 'Fish storage capacity', 'EN');
INSERT INTO LABELS VALUES ('FISHCAPACITY', '', 'FR');
INSERT INTO LABELS VALUES ('REFRIGERATIONMETHODS', 'Refrigeration methods(s)', 'EN');
INSERT INTO LABELS VALUES ('REFRIGERATIONMETHODS', '', 'FR');
INSERT INTO LABELS VALUES ('FISHSTORAGEMETHOD', 'Fish Storage Method(s)', 'EN');
INSERT INTO LABELS VALUES ('FISHSTORAGEMETHOD', '', 'FR');
INSERT INTO LABELS VALUES ('BLASTFREEZERCAPACITY', 'Blast freezer capacity', 'EN');
INSERT INTO LABELS VALUES ('BLASTFREEZERCAPACITY', '', 'FR');
INSERT INTO LABELS VALUES ('HULLMATERIAL', 'Hull material', 'EN');
INSERT INTO LABELS VALUES ('HULLMATERIAL', '', 'FR');
INSERT INTO LABELS VALUES ('MAINENGINE', 'Main engine Make/ Power', 'EN');
INSERT INTO LABELS VALUES ('MAINENGINE', '', 'FR');
INSERT INTO LABELS VALUES ('VESSELRANGE', 'Vessel range (days at sea)', 'EN');
INSERT INTO LABELS VALUES ('VESSELRANGE', '', 'FR');
INSERT INTO LABELS VALUES ('VESSELPHONE', 'Vessel phone, fax and email', 'EN');
INSERT INTO LABELS VALUES ('VESSELPHONE', '', 'FR');
INSERT INTO LABELS VALUES ('VESSELSPEED', 'Vessel cruising/maximum speed', 'EN');
INSERT INTO LABELS VALUES ('VESSELSPEED', '', 'FR');
INSERT INTO LABELS VALUES ('VESSELELECTRONICEQUIPMENT', 'Vessel electronic equipment', 'EN');
INSERT INTO LABELS VALUES ('VESSELELECTRONICEQUIPMENT', '', 'FR');
INSERT INTO LABELS VALUES ('PRESENCEABSENCEPOSITIONINGSYSTEM', 'Record presence/absence of position fixing equipment', 'EN');
INSERT INTO LABELS VALUES ('PRESENCEABSENCEPOSITIONINGSYSTEM', '', 'FR');
INSERT INTO LABELS VALUES ('PRESENCEABSENCEPOSITIONINGSYSTEMRECORD', 'Record model and make and if the vessel has one or more GPS units in operation. Note a GPS may be an independent unit or linked or incorporated into track plotters and acoustic systems. ', 'EN');
INSERT INTO LABELS VALUES ('PRESENCEABSENCEPOSITIONINGSYSTEMRECORD', '', 'FR');
INSERT INTO LABELS VALUES ('MONITORINGSYSTEMPRESENCE', 'Record if the vessel has a VMS installed', 'EN');
INSERT INTO LABELS VALUES ('MONITORINGSYSTEMPRESENCE', '', 'FR');
INSERT INTO LABELS VALUES ('MONITORINGSYSTEMPRESENCERECORD', 'If present, describe if it has security seals in place and whether it is operational. Note the make and model', 'EN');
INSERT INTO LABELS VALUES ('MONITORINGSYSTEMPRESENCERECORD', '', 'FR');
INSERT INTO LABELS VALUES ('RADARPRESENCE', 'Radars: Record presence/absence', 'EN');
INSERT INTO LABELS VALUES ('RADARPRESENCE', '', 'FR');
INSERT INTO LABELS VALUES ('RADARPRESENCERECORD', 'Record power and frequency range of the radar systems in place.  Vessels targeting surface fish often have high frequency radars to search for seabird activity or activity on the sea surface.  These are usually not used for normal navigation purposes. Note the make and model.', 'EN');
INSERT INTO LABELS VALUES ('RADARPRESENCERECORD', '', 'FR');
INSERT INTO LABELS VALUES ('PLOTTERPRESENCE', 'Record presence/absence of plotters', 'EN');
INSERT INTO LABELS VALUES ('PLOTTERPRESENCE', '', 'FR');
INSERT INTO LABELS VALUES ('PLOTTERPRESENCERECORD', 'Record make and model. Note if linked to an external GPS or have GPS built in', 'EN');
INSERT INTO LABELS VALUES ('PLOTTERPRESENCERECORD', '', 'FR');
INSERT INTO LABELS VALUES ('ACOUSTICPRESENCE', 'Record presence/absence of acoustic equipment', 'EN');
INSERT INTO LABELS VALUES ('ACOUSTICPRESENCE', '', 'FR');
INSERT INTO LABELS VALUES ('ACOUSTICPRESENCEMODELRECORD', 'Record the make and the model of the acoustic depth sounder.', 'EN');
INSERT INTO LABELS VALUES ('ACOUSTICPRESENCEMODELRECORD', '', 'FR');
INSERT INTO LABELS VALUES ('ACOUSTICPRESENCEMODEL2RECORD', 'Record if the vessel has an acoustic sonar onboard and note its make, model, power and frequency range.', 'EN');
INSERT INTO LABELS VALUES ('ACOUSTICPRESENCEMODEL2RECORD', '', 'FR');
INSERT INTO LABELS VALUES ('ACOUSTICPRESENCEMODELR3ECORD', 'Record if the vessel has an acoustic doppler current meter, the make and model.  This is important to ascertain the current speed ', 'EN');
INSERT INTO LABELS VALUES ('ACOUSTICPRESENCEMODELR3ECORD', '', 'FR');
INSERT INTO LABELS VALUES ('EXPENDABLE', 'Record if the vessel has onboard and deploys expendable', 'EN');
INSERT INTO LABELS VALUES ('EXPENDABLE', '', 'FR');
INSERT INTO LABELS VALUES ('BATHYTHERMOGRAPHS', 'bathythermographs XTBs. These are usually mounted on the bridge wings and are used periodically to determine the depth of the thermocline. Note the make and model.', 'EN');
INSERT INTO LABELS VALUES ('BATHYTHERMOGRAPHS', '', 'FR');
INSERT INTO LABELS VALUES ('COMMUNICATIONEQUIPMENT', 'Record presence/absence of communication equipment', 'EN');
INSERT INTO LABELS VALUES ('COMMUNICATIONEQUIPMENT', '', 'FR');
INSERT INTO LABELS VALUES ('SATELLITECOMMUNICATIONSYSTEM', 'Satellite communication systems', 'EN');
INSERT INTO LABELS VALUES ('SATELLITECOMMUNICATIONSYSTEM', '', 'FR');
INSERT INTO LABELS VALUES ('RADIOS', 'Radios', 'EN');
INSERT INTO LABELS VALUES ('RADIOS', '', 'FR');
INSERT INTO LABELS VALUES ('SEASUSRFACETEMPERATURE', 'Sea Surface Temperature (SST)', 'EN');
INSERT INTO LABELS VALUES ('SEASUSRFACETEMPERATURE', '', 'FR');
INSERT INTO LABELS VALUES ('WEATHERFACSIMILE', 'Weather facsimile', 'EN');
INSERT INTO LABELS VALUES ('WEATHERFACSIMILE', '', 'FR');
INSERT INTO LABELS VALUES ('FISHERIESINFORMATIOSERVICES', 'Fisheries information services', 'EN');
INSERT INTO LABELS VALUES ('FISHERIESINFORMATIOSERVICES', '', 'FR');
INSERT INTO LABELS VALUES ('CATCHTRANSHIPPEDSUMMARY', 'Catch transhipped summary', 'EN');
INSERT INTO LABELS VALUES ('CATCHTRANSHIPPEDSUMMARY', '', 'FR');
INSERT INTO LABELS VALUES ('SPECIESWEIGHTTRANSHIPPED', 'Species/weight transhipped at sea', 'EN');
INSERT INTO LABELS VALUES ('SPECIESWEIGHTTRANSHIPPED', '', 'FR');
INSERT INTO LABELS VALUES ('CARRIERFISHINGVESSELDETAILS', 'Carrier / Fishing Vessel details', 'EN');
INSERT INTO LABELS VALUES ('CARRIERFISHINGVESSELDETAILS', '', 'FR');
INSERT INTO LABELS VALUES ('SPECIESWEIGHTTRANSHIPPED2', '', 'EN');
INSERT INTO LABELS VALUES ('SPECIESWEIGHTTRANSHIPPED2', '', 'FR');
INSERT INTO LABELS VALUES ('CATCHONBOARDATDISEMBARKATIONSUMMARY', 'Catch onboard at disembarkation summary', 'EN');
INSERT INTO LABELS VALUES ('CATCHONBOARDATDISEMBARKATIONSUMMARY', '', 'FR');
INSERT INTO LABELS VALUES ('TOTALPROCESSEDWEIGHT', 'Total processed weight of fish onboard at disembarkation', 'EN');
INSERT INTO LABELS VALUES ('TOTALPROCESSEDWEIGHT', '', 'FR');
INSERT INTO LABELS VALUES ('SPECIESPROCESSINGCODES', 'Species/Processing code', 'EN');
INSERT INTO LABELS VALUES ('SPECIESPROCESSINGCODES', '', 'FR');
INSERT INTO LABELS VALUES ('WASTEMANAGEMENT', 'Waste management (MARPOL Agreement Annex 5)', 'EN');
INSERT INTO LABELS VALUES ('WASTEMANAGEMENT', '', 'FR');
INSERT INTO LABELS VALUES ('WASTECATEGORY', 'Waste category', 'EN');
INSERT INTO LABELS VALUES ('WASTECATEGORY', '', 'FR');
INSERT INTO LABELS VALUES ('STORAGEDISPOSALMETHOD', 'Storage/Disposal method', 'EN');
INSERT INTO LABELS VALUES ('STORAGEDISPOSALMETHOD', '', 'FR');

INSERT INTO COUNTRIES (NAME_EN, NAME_FR, NAME_ES, NAME_RU, NAME_AR, NAME_ZH, ISO2, ISO3) VALUES ('Eritrea', 'Érythrée', 'Eritrea', 'Эритрея', 'إريتريا', '厄立特里亚', 'ER', 'ERI')
INSERT INTO COUNTRIES (NAME_EN, NAME_FR, NAME_ES, NAME_RU, NAME_AR, NAME_ZH, ISO2, ISO3) VALUES ('European Union (Member Organization)', 'Union européenne (Organisation Membre)', '', '', '', '', 'EU', 'EUR')
INSERT INTO COUNTRIES (NAME_EN, NAME_FR, NAME_ES, NAME_RU, NAME_AR, NAME_ZH, ISO2, ISO3) VALUES ('Palau', 'Palaos', 'Palau', 'Палау', 'بالاو', '帕劳', 'PW', 'PLW')
INSERT INTO COUNTRIES (NAME_EN, NAME_FR, NAME_ES, NAME_RU, NAME_AR, NAME_ZH, ISO2, ISO3) VALUES ('Albania', 'Albanie', 'Albania', 'Албания', 'ألبانيا', '阿尔巴尼亚', 'AL', 'ALB')
INSERT INTO COUNTRIES (NAME_EN, NAME_FR, NAME_ES, NAME_RU, NAME_AR, NAME_ZH, ISO2, ISO3) VALUES ('Algeria', 'Algérie', 'Argelia', 'Алжир', 'الجزائر', '阿尔及利亚', 'DZ', 'DZA')
INSERT INTO COUNTRIES (NAME_EN, NAME_FR, NAME_ES, NAME_RU, NAME_AR, NAME_ZH, ISO2, ISO3) VALUES ('Argentina', 'Argentine', 'Argentina', 'Аргентина', 'الأرجنتين', '阿根廷', 'AR', 'ARG')
INSERT INTO COUNTRIES (NAME_EN, NAME_FR, NAME_ES, NAME_RU, NAME_AR, NAME_ZH, ISO2, ISO3) VALUES ('Austria', 'Autriche', 'Austria', 'Австрия', 'النمسا', '奥地利', 'AT', 'AUT')
INSERT INTO COUNTRIES (NAME_EN, NAME_FR, NAME_ES, NAME_RU, NAME_AR, NAME_ZH, ISO2, ISO3) VALUES ('Bahrain', 'Bahreïn', 'Bahrein', 'Бахрейн', 'البحرين', '巴 林', 'BH', 'BHR')
INSERT INTO COUNTRIES (NAME_EN, NAME_FR, NAME_ES, NAME_RU, NAME_AR, NAME_ZH, ISO2, ISO3) VALUES ('Barbados', 'Barbade', 'Barbados', 'Барбадос', 'بربادوس', '巴巴多斯', 'BB', 'BRB')
INSERT INTO COUNTRIES (NAME_EN, NAME_FR, NAME_ES, NAME_RU, NAME_AR, NAME_ZH, ISO2, ISO3) VALUES ('Belgium', 'Belgique', 'Bélgica', 'Бельгия', 'بلجيكا', '比利时', 'BE', 'BEL')
INSERT INTO COUNTRIES (NAME_EN, NAME_FR, NAME_ES, NAME_RU, NAME_AR, NAME_ZH, ISO2, ISO3) VALUES ('Benin', 'Bénin', 'Benin', 'Бенин', 'بنن', '贝 宁', 'BJ', 'BEN')
INSERT INTO COUNTRIES (NAME_EN, NAME_FR, NAME_ES, NAME_RU, NAME_AR, NAME_ZH, ISO2, ISO3) VALUES ('Bhutan', 'Bhoutan', 'Bhután', 'Бутан', 'بوتان', '不 丹', 'BT', 'BTN')
INSERT INTO COUNTRIES (NAME_EN, NAME_FR, NAME_ES, NAME_RU, NAME_AR, NAME_ZH, ISO2, ISO3) VALUES ('Bulgaria', 'Bulgarie', 'Bulgaria', 'Болгария', 'بلغاريا', '保加利亚', 'BG', 'BGR')
INSERT INTO COUNTRIES (NAME_EN, NAME_FR, NAME_ES, NAME_RU, NAME_AR, NAME_ZH, ISO2, ISO3) VALUES ('Burundi', 'Burundi', 'Burundi', 'Бурунди', 'بوروندي', '布隆迪', 'BI', 'BDI')
INSERT INTO COUNTRIES (NAME_EN, NAME_FR, NAME_ES, NAME_RU, NAME_AR, NAME_ZH, ISO2, ISO3) VALUES ('Cameroon', 'Cameroun', 'Camerún', 'Камерун', 'الكاميرون', '喀麦隆', 'CM', 'CMR')
INSERT INTO COUNTRIES (NAME_EN, NAME_FR, NAME_ES, NAME_RU, NAME_AR, NAME_ZH, ISO2, ISO3) VALUES ('Cabo Verde', 'Cabo Verde', 'Cabo Verde', 'Кабо-Верде', 'كابو فيردي', '佛得角', 'CV', 'CPV')
INSERT INTO COUNTRIES (NAME_EN, NAME_FR, NAME_ES, NAME_RU, NAME_AR, NAME_ZH, ISO2, ISO3) VALUES ('Chad', 'Tchad', 'Chad', 'Чад', 'تشاد', '乍 得', 'TD', 'TCD')
INSERT INTO COUNTRIES (NAME_EN, NAME_FR, NAME_ES, NAME_RU, NAME_AR, NAME_ZH, ISO2, ISO3) VALUES ('Chile', 'Chili', 'Chile', 'Чили', 'شيلى', '智 利', 'CL', 'CHL')
INSERT INTO COUNTRIES (NAME_EN, NAME_FR, NAME_ES, NAME_RU, NAME_AR, NAME_ZH, ISO2, ISO3) VALUES ('Colombia', 'Colombie', 'Colombia', 'Колумбия', 'كولومبيا', '哥伦比亚', 'CO', 'COL')
INSERT INTO COUNTRIES (NAME_EN, NAME_FR, NAME_ES, NAME_RU, NAME_AR, NAME_ZH, ISO2, ISO3) VALUES ('Costa Rica', 'Costa Rica', 'Costa Rica', 'Коста-Рика', 'كوستاريكا', '哥斯达黎加', 'CR', 'CRI')
INSERT INTO COUNTRIES (NAME_EN, NAME_FR, NAME_ES, NAME_RU, NAME_AR, NAME_ZH, ISO2, ISO3) VALUES ('Cuba', 'Cuba', 'Cuba', 'Куба', 'كوبا', '古 巴', 'CU', 'CUB')
INSERT INTO COUNTRIES (NAME_EN, NAME_FR, NAME_ES, NAME_RU, NAME_AR, NAME_ZH, ISO2, ISO3) VALUES ('Denmark', 'Danemark', 'Dinamarca', 'Дания', 'الدانمرك', '丹 麦', 'DK', 'DNK')
INSERT INTO COUNTRIES (NAME_EN, NAME_FR, NAME_ES, NAME_RU, NAME_AR, NAME_ZH, ISO2, ISO3) VALUES ('Dominica', 'Dominique', 'Dominica', 'Доминика', 'دومينيكا', '多米尼克', 'DM', 'DMA')
INSERT INTO COUNTRIES (NAME_EN, NAME_FR, NAME_ES, NAME_RU, NAME_AR, NAME_ZH, ISO2, ISO3) VALUES ('Ecuador', 'Équateur', 'Ecuador', 'Эквадор', 'إكوادور', '厄瓜多尔', 'EC', 'ECU')
INSERT INTO COUNTRIES (NAME_EN, NAME_FR, NAME_ES, NAME_RU, NAME_AR, NAME_ZH, ISO2, ISO3) VALUES ('El Salvador', 'El Salvador', 'El Salvador', 'Сальвадор', 'السلفادور', '萨尔瓦多', 'SV', 'SLV')
INSERT INTO COUNTRIES (NAME_EN, NAME_FR, NAME_ES, NAME_RU, NAME_AR, NAME_ZH, ISO2, ISO3) VALUES ('Ethiopia', 'Éthiopie', 'Etiopía', 'Эфиопия', 'إثيوبيا', '埃塞俄比亚', 'ET', 'ETH')
INSERT INTO COUNTRIES (NAME_EN, NAME_FR, NAME_ES, NAME_RU, NAME_AR, NAME_ZH, ISO2, ISO3) VALUES ('Finland', 'Finlande', 'Finlandia', 'Финляндия', 'فنلندا', '芬 兰', 'FI', 'FIN')
INSERT INTO COUNTRIES (NAME_EN, NAME_FR, NAME_ES, NAME_RU, NAME_AR, NAME_ZH, ISO2, ISO3) VALUES ('Gabon', 'Gabon', 'Gabón', 'Габон', 'غابون', '加 蓬', 'GA', 'GAB')
INSERT INTO COUNTRIES (NAME_EN, NAME_FR, NAME_ES, NAME_RU, NAME_AR, NAME_ZH, ISO2, ISO3) VALUES ('Germany', 'Allemagne', 'Alemania', 'Германия', 'ألمانيا', '德 国', 'DE', 'DEU')
INSERT INTO COUNTRIES (NAME_EN, NAME_FR, NAME_ES, NAME_RU, NAME_AR, NAME_ZH, ISO2, ISO3) VALUES ('Ghana', 'Ghana', 'Ghana', 'Гана', 'غانا', '加 纳', 'GH', 'GHA')
INSERT INTO COUNTRIES (NAME_EN, NAME_FR, NAME_ES, NAME_RU, NAME_AR, NAME_ZH, ISO2, ISO3) VALUES ('Grenada', 'Grenade', 'Granada', 'Гренада', 'غرينادا', '格林纳达', 'GD', 'GRD')
INSERT INTO COUNTRIES (NAME_EN, NAME_FR, NAME_ES, NAME_RU, NAME_AR, NAME_ZH, ISO2, ISO3) VALUES ('Guinea', 'Guinée', 'Guinea', 'Гвинея', 'غينيا', '几内亚', 'GN', 'GIN')
INSERT INTO COUNTRIES (NAME_EN, NAME_FR, NAME_ES, NAME_RU, NAME_AR, NAME_ZH, ISO2, ISO3) VALUES ('Guyana', 'Guyana', 'Guyana', 'Гайана', 'غيانا', '圭亚那', 'GY', 'GUY')
INSERT INTO COUNTRIES (NAME_EN, NAME_FR, NAME_ES, NAME_RU, NAME_AR, NAME_ZH, ISO2, ISO3) VALUES ('Haiti', 'Haïti', 'Haití', 'Гаити', 'هايتي', '海 地', 'HT', 'HTI')
INSERT INTO COUNTRIES (NAME_EN, NAME_FR, NAME_ES, NAME_RU, NAME_AR, NAME_ZH, ISO2, ISO3) VALUES ('Iceland', 'Islande', 'Islandia', 'Исландия', 'آيسلندا', '冰 岛', 'IS', 'ISL')
INSERT INTO COUNTRIES (NAME_EN, NAME_FR, NAME_ES, NAME_RU, NAME_AR, NAME_ZH, ISO2, ISO3) VALUES ('Iraq', 'Iraq', 'Iraq', 'Ирак', 'العراق', '伊拉克', 'IQ', 'IRQ')
INSERT INTO COUNTRIES (NAME_EN, NAME_FR, NAME_ES, NAME_RU, NAME_AR, NAME_ZH, ISO2, ISO3) VALUES ('Ireland', 'Irlande', 'Irlanda', 'Ирландия', 'آيرلندا', '爱尔兰', 'IE', 'IRL')
INSERT INTO COUNTRIES (NAME_EN, NAME_FR, NAME_ES, NAME_RU, NAME_AR, NAME_ZH, ISO2, ISO3) VALUES ('Israel', 'Israël', 'Israel', 'Израиль', 'إسرائيل', '以色列', 'IL', 'ISR')
INSERT INTO COUNTRIES (NAME_EN, NAME_FR, NAME_ES, NAME_RU, NAME_AR, NAME_ZH, ISO2, ISO3) VALUES ('Jamaica', 'Jamaïque', 'Jamaica', 'Ямайка', 'جامايكا', '牙买加', 'JM', 'JAM')
INSERT INTO COUNTRIES (NAME_EN, NAME_FR, NAME_ES, NAME_RU, NAME_AR, NAME_ZH, ISO2, ISO3) VALUES ('Japan', 'Japon', 'Japón', 'Япония', 'اليابان', '日 本', 'JP', 'JPN')
INSERT INTO COUNTRIES (NAME_EN, NAME_FR, NAME_ES, NAME_RU, NAME_AR, NAME_ZH, ISO2, ISO3) VALUES ('Kenya', 'Kenya', 'Kenya', 'Кения', 'كينيا', '肯尼亚', 'KE', 'KEN')
INSERT INTO COUNTRIES (NAME_EN, NAME_FR, NAME_ES, NAME_RU, NAME_AR, NAME_ZH, ISO2, ISO3) VALUES ('Lebanon', 'Liban', 'Líbano', 'Ливан', 'لبنان', '黎巴嫩', 'LB', 'LBN')
INSERT INTO COUNTRIES (NAME_EN, NAME_FR, NAME_ES, NAME_RU, NAME_AR, NAME_ZH, ISO2, ISO3) VALUES ('Lesotho', 'Lesotho', 'Lesotho', 'Лесото', 'ليسوتو', '莱索托', 'LS', 'LSO')
INSERT INTO COUNTRIES (NAME_EN, NAME_FR, NAME_ES, NAME_RU, NAME_AR, NAME_ZH, ISO2, ISO3) VALUES ('Liberia', 'Libéria', 'Liberia', 'Либерия', 'ليبريا', '利比里亚', 'LR', 'LBR')
INSERT INTO COUNTRIES (NAME_EN, NAME_FR, NAME_ES, NAME_RU, NAME_AR, NAME_ZH, ISO2, ISO3) VALUES ('Luxembourg', 'Luxembourg', 'Luxemburgo', 'Люксембург', 'لكسمبرغ', '卢森堡', 'LU', 'LUX')
INSERT INTO COUNTRIES (NAME_EN, NAME_FR, NAME_ES, NAME_RU, NAME_AR, NAME_ZH, ISO2, ISO3) VALUES ('Malawi', 'Malawi', 'Malawi', 'Малави', 'ملاوي', '马拉维', 'MW', 'MWI')
INSERT INTO COUNTRIES (NAME_EN, NAME_FR, NAME_ES, NAME_RU, NAME_AR, NAME_ZH, ISO2, ISO3) VALUES ('Maldives', 'Maldives', 'Maldivas', 'Мальдивы', 'ملديف', '马尔代夫', 'MV', 'MDV')
INSERT INTO COUNTRIES (NAME_EN, NAME_FR, NAME_ES, NAME_RU, NAME_AR, NAME_ZH, ISO2, ISO3) VALUES ('Malta', 'Malte', 'Malta', 'Мальта', 'مالطة', '马耳他', 'MT', 'MLT')
INSERT INTO COUNTRIES (NAME_EN, NAME_FR, NAME_ES, NAME_RU, NAME_AR, NAME_ZH, ISO2, ISO3) VALUES ('Mauritius', 'Maurice', 'Mauricio', 'Маврикий', 'موريشيوس', '毛里求斯', 'MU', 'MUS')
INSERT INTO COUNTRIES (NAME_EN, NAME_FR, NAME_ES, NAME_RU, NAME_AR, NAME_ZH, ISO2, ISO3) VALUES ('Mongolia', 'Mongolie', 'Mongolia', 'Монголия', 'منغوليا', '蒙 古', 'MN', 'MNG')
INSERT INTO COUNTRIES (NAME_EN, NAME_FR, NAME_ES, NAME_RU, NAME_AR, NAME_ZH, ISO2, ISO3) VALUES ('Mozambique', 'Mozambique', 'Mozambique', 'Мозамбик', 'موزامبيق', '莫桑比克', 'MZ', 'MOZ')
INSERT INTO COUNTRIES (NAME_EN, NAME_FR, NAME_ES, NAME_RU, NAME_AR, NAME_ZH, ISO2, ISO3) VALUES ('Namibia', 'Namibie', 'Namibia', 'Намибия', 'ناميبيا', '纳米比亚', 'NA', 'NAM')
INSERT INTO COUNTRIES (NAME_EN, NAME_FR, NAME_ES, NAME_RU, NAME_AR, NAME_ZH, ISO2, ISO3) VALUES ('Netherlands', 'Pays-Bas', 'Países Bajos', 'Нидерланды', 'هولندا', '荷 兰', 'NL', 'NLD')
INSERT INTO COUNTRIES (NAME_EN, NAME_FR, NAME_ES, NAME_RU, NAME_AR, NAME_ZH, ISO2, ISO3) VALUES ('Nicaragua', 'Nicaragua', 'Nicaragua', 'Никарагуа', 'نيكاراغوا', '尼加拉瓜', 'NI', 'NIC')
INSERT INTO COUNTRIES (NAME_EN, NAME_FR, NAME_ES, NAME_RU, NAME_AR, NAME_ZH, ISO2, ISO3) VALUES ('Nigeria', 'Nigéria', 'Nigeria', 'Нигерия', 'نيجيريا', '尼日利亚', 'NG', 'NGA')
INSERT INTO COUNTRIES (NAME_EN, NAME_FR, NAME_ES, NAME_RU, NAME_AR, NAME_ZH, ISO2, ISO3) VALUES ('Oman', 'Oman', 'Omán', 'Оман', 'عمان', '阿 曼', 'OM', 'OMN')
INSERT INTO COUNTRIES (NAME_EN, NAME_FR, NAME_ES, NAME_RU, NAME_AR, NAME_ZH, ISO2, ISO3) VALUES ('Republic of Korea', 'République de Corée', 'República de Corea', 'Республика Корея', 'جمهورية كوريا', '大韩民国', 'KR', 'KOR')
INSERT INTO COUNTRIES (NAME_EN, NAME_FR, NAME_ES, NAME_RU, NAME_AR, NAME_ZH, ISO2, ISO3) VALUES ('Marshall Islands', 'Îles Marshall', 'Islas Marshall', 'Маршалловы Острова', 'جزر مارشال', '马绍尔群岛', 'MH', 'MHL')
INSERT INTO COUNTRIES (NAME_EN, NAME_FR, NAME_ES, NAME_RU, NAME_AR, NAME_ZH, ISO2, ISO3) VALUES ('Latvia', 'Lettonie', 'Letonia', 'Латвия', 'لاتفيا', '拉脱维亚', 'LV', 'LVA')
INSERT INTO COUNTRIES (NAME_EN, NAME_FR, NAME_ES, NAME_RU, NAME_AR, NAME_ZH, ISO2, ISO3) VALUES ('Estonia', 'Estonie', 'Estonia', 'Эстония', 'إستونيا', '爱沙尼亚', 'EE', 'EST')
INSERT INTO COUNTRIES (NAME_EN, NAME_FR, NAME_ES, NAME_RU, NAME_AR, NAME_ZH, ISO2, ISO3) VALUES ('Andorra', 'Andorre', 'Andorra', 'Андорра', 'أندورا', '安道尔', 'AD', 'AND')
INSERT INTO COUNTRIES (NAME_EN, NAME_FR, NAME_ES, NAME_RU, NAME_AR, NAME_ZH, ISO2, ISO3) VALUES ('Kiribati', 'Kiribati', 'Kiribati', 'Кирибати', 'كيريباس', '基里巴斯', 'KI', 'KIR')
INSERT INTO COUNTRIES (NAME_EN, NAME_FR, NAME_ES, NAME_RU, NAME_AR, NAME_ZH, ISO2, ISO3) VALUES ('Monaco', 'Monaco', 'Mónaco', 'Монако', 'موناكو', '摩纳哥', 'MC', 'MCO')
INSERT INTO COUNTRIES (NAME_EN, NAME_FR, NAME_ES, NAME_RU, NAME_AR, NAME_ZH, ISO2, ISO3) VALUES ('Niue', 'Nioué', 'Niue', 'Ниуэ', 'نيوى', '纽 埃', 'NU', 'NIU')
INSERT INTO COUNTRIES (NAME_EN, NAME_FR, NAME_ES, NAME_RU, NAME_AR, NAME_ZH, ISO2, ISO3) VALUES ('Azerbaijan', 'Azerbaïdjan', 'Azerbaiyán', 'Азербайджан', 'أذربيجان', '阿塞拜疆', 'AZ', 'AZE')
INSERT INTO COUNTRIES (NAME_EN, NAME_FR, NAME_ES, NAME_RU, NAME_AR, NAME_ZH, ISO2, ISO3) VALUES ('Croatia', 'Croatie', 'Croacia', 'Хорватия', 'كرواتيا', '克罗地亚', 'HR', 'HRV')
INSERT INTO COUNTRIES (NAME_EN, NAME_FR, NAME_ES, NAME_RU, NAME_AR, NAME_ZH, ISO2, ISO3) VALUES ('Georgia', 'Géorgie', 'Georgia', 'Грузия', 'جورجيا', '格鲁吉亚', 'GE', 'GEO')
INSERT INTO COUNTRIES (NAME_EN, NAME_FR, NAME_ES, NAME_RU, NAME_AR, NAME_ZH, ISO2, ISO3) VALUES ('Brazil', 'Brésil', 'Brasil', 'Бразилия', 'البرازيل', '巴 西', 'BR', 'BRA')
INSERT INTO COUNTRIES (NAME_EN, NAME_FR, NAME_ES, NAME_RU, NAME_AR, NAME_ZH, ISO2, ISO3) VALUES ('Montenegro', 'Monténégro', 'Montenegro', 'Черногория', 'الجبل الأسود', '黑山', 'ME', 'MNE')
INSERT INTO COUNTRIES (NAME_EN, NAME_FR, NAME_ES, NAME_RU, NAME_AR, NAME_ZH, ISO2, ISO3) VALUES ('Panama', 'Panama', 'Panamá', 'Панама', 'بناما', '巴拿馬', 'PA', 'PAN')
INSERT INTO COUNTRIES (NAME_EN, NAME_FR, NAME_ES, NAME_RU, NAME_AR, NAME_ZH, ISO2, ISO3) VALUES ('Faroe Islands (Associate Member)', 'Îles Féroé (Membre associé)', 'Islas Feroe (Miembro Asociado)', 'Фарерские Острова (ассоциированный член)', 'جزر فيرويه', '法罗群岛 (准成员)', 'FO', 'FRO')
INSERT INTO COUNTRIES (NAME_EN, NAME_FR, NAME_ES, NAME_RU, NAME_AR, NAME_ZH, ISO2, ISO3) VALUES ('Afghanistan', 'Afghanistan', 'Afganistán', 'Афганистан', 'أفغانستان', '阿富汗', 'AF', 'AFG')
INSERT INTO COUNTRIES (NAME_EN, NAME_FR, NAME_ES, NAME_RU, NAME_AR, NAME_ZH, ISO2, ISO3) VALUES ('Angola', 'Angola', 'Angola', 'Ангола', 'أنغولا', '安哥拉', 'AO', 'AGO')
INSERT INTO COUNTRIES (NAME_EN, NAME_FR, NAME_ES, NAME_RU, NAME_AR, NAME_ZH, ISO2, ISO3) VALUES ('Antigua and Barbuda', 'Antigua-et-Barbuda', 'Antigua y Barbuda', 'Антигуа и Барбуда', 'أنتيغوا وبربودا', '安提瓜和巴布达', 'AG', 'ATG')
INSERT INTO COUNTRIES (NAME_EN, NAME_FR, NAME_ES, NAME_RU, NAME_AR, NAME_ZH, ISO2, ISO3) VALUES ('Australia', 'Australie', 'Australia', 'Австралия', 'أستراليا', '澳大利亚', 'AU', 'AUS')
INSERT INTO COUNTRIES (NAME_EN, NAME_FR, NAME_ES, NAME_RU, NAME_AR, NAME_ZH, ISO2, ISO3) VALUES ('Bahamas', 'Bahamas', 'Bahamas', 'Багамские Острова', 'جزر البهاما', '巴哈马', 'BS', 'BHS')
INSERT INTO COUNTRIES (NAME_EN, NAME_FR, NAME_ES, NAME_RU, NAME_AR, NAME_ZH, ISO2, ISO3) VALUES ('Bangladesh', 'Bangladesh', 'Bangladesh', 'Бангладеш', 'بنغلاديش', '孟加拉国', 'BD', 'BGD')
INSERT INTO COUNTRIES (NAME_EN, NAME_FR, NAME_ES, NAME_RU, NAME_AR, NAME_ZH, ISO2, ISO3) VALUES ('Belize', 'Belize', 'Belice', 'Белиз', 'بليز', '伯利兹', 'BZ', 'BLZ')
INSERT INTO COUNTRIES (NAME_EN, NAME_FR, NAME_ES, NAME_RU, NAME_AR, NAME_ZH, ISO2, ISO3) VALUES ('Bolivia (Plurinational State of)', 'Bolivie (État plurinational de)', 'Bolivia (Estado Plurinacional de)', 'Боливия (Многонациональное Государство)', 'بوليفيا - دولة .. المتعددة القوميات', '玻利维亚（多民族国）', 'BO', 'BOL')
INSERT INTO COUNTRIES (NAME_EN, NAME_FR, NAME_ES, NAME_RU, NAME_AR, NAME_ZH, ISO2, ISO3) VALUES ('Burkina Faso', 'Burkina Faso', 'Burkina Faso', 'Буркина-Фасо', 'بوركينا فاسو', '布基纳法索', 'BF', 'BFA')
INSERT INTO COUNTRIES (NAME_EN, NAME_FR, NAME_ES, NAME_RU, NAME_AR, NAME_ZH, ISO2, ISO3) VALUES ('Cambodia', 'Cambodge', 'Camboya', 'Камбоджа', 'كمبوديا', '柬埔寨', 'KH', 'KHM')
INSERT INTO COUNTRIES (NAME_EN, NAME_FR, NAME_ES, NAME_RU, NAME_AR, NAME_ZH, ISO2, ISO3) VALUES ('Canada', 'Canada', 'Canadá', 'Канада', 'كندا', '加拿大', 'CA', 'CAN')
INSERT INTO COUNTRIES (NAME_EN, NAME_FR, NAME_ES, NAME_RU, NAME_AR, NAME_ZH, ISO2, ISO3) VALUES ('Central African Republic', 'République centrafricaine', 'República Centroafricana', 'Центральноафриканская Республика', 'جمهورية أفريقيا الوسطى', '中非共和国', 'CF', 'CAF')
INSERT INTO COUNTRIES (NAME_EN, NAME_FR, NAME_ES, NAME_RU, NAME_AR, NAME_ZH, ISO2, ISO3) VALUES ('China', 'Chine', 'China', 'Китай', 'الصين', '中 国', 'CN', 'CHN')
INSERT INTO COUNTRIES (NAME_EN, NAME_FR, NAME_ES, NAME_RU, NAME_AR, NAME_ZH, ISO2, ISO3) VALUES ('Comoros', 'Comores', 'Comoras', 'Коморские Острова', 'جزر القمر', '科摩罗', 'KM', 'COM')
INSERT INTO COUNTRIES (NAME_EN, NAME_FR, NAME_ES, NAME_RU, NAME_AR, NAME_ZH, ISO2, ISO3) VALUES ('Cook Islands', 'Îles Cook', 'Islas Cook', 'Острова Кука', 'جزر كوك', '库克群岛', 'CK', 'COK')
INSERT INTO COUNTRIES (NAME_EN, NAME_FR, NAME_ES, NAME_RU, NAME_AR, NAME_ZH, ISO2, ISO3) VALUES (U&'Côte d\0027Ivoire', U&'Côte d\0027Ivoire', U&'Côte d\0027Ivoire', 'Кот-д`Ивуар', 'كوت ديفوار', '科特迪瓦', 'CI', 'CIV')
INSERT INTO COUNTRIES (NAME_EN, NAME_FR, NAME_ES, NAME_RU, NAME_AR, NAME_ZH, ISO2, ISO3) VALUES ('Cyprus', 'Chypre', 'Chipre', 'Кипр', 'قبرص', '塞浦路斯', 'CY', 'CYP')
INSERT INTO COUNTRIES (NAME_EN, NAME_FR, NAME_ES, NAME_RU, NAME_AR, NAME_ZH, ISO2, ISO3) VALUES ('Djibouti', 'Djibouti', 'Djibouti', 'Джибути', 'جيبوتي', '吉布提', 'DJ', 'DJI')
INSERT INTO COUNTRIES (NAME_EN, NAME_FR, NAME_ES, NAME_RU, NAME_AR, NAME_ZH, ISO2, ISO3) VALUES ('Dominican Republic', 'République dominicaine', 'República Dominicana', 'Доминиканская Республика', 'الجمهورية الدومينيكية', '多米尼加共和国', 'DO', 'DOM')
INSERT INTO COUNTRIES (NAME_EN, NAME_FR, NAME_ES, NAME_RU, NAME_AR, NAME_ZH, ISO2, ISO3) VALUES ('Egypt', 'Égypte', 'Egipto', 'Египет', 'مصر', '埃 及', 'EG', 'EG')
INSERT INTO COUNTRIES (NAME_EN, NAME_FR, NAME_ES, NAME_RU, NAME_AR, NAME_ZH, ISO2, ISO3) VALUES ('Equatorial Guinea', 'Guinée équatoriale', 'Guinea Ecuatorial', 'Экваториальная Гвинея', 'غينيا الاستوائية', '赤道几内亚', 'GQ', 'GNQ')
INSERT INTO COUNTRIES (NAME_EN, NAME_FR, NAME_ES, NAME_RU, NAME_AR, NAME_ZH, ISO2, ISO3) VALUES ('Fiji', 'Fidji', 'Fiji', 'Фиджи', 'فيجي', '斐济', 'FJ', 'FJI')
INSERT INTO COUNTRIES (NAME_EN, NAME_FR, NAME_ES, NAME_RU, NAME_AR, NAME_ZH, ISO2, ISO3) VALUES ('France', 'France', 'Francia', 'Франция', 'فرنسا', '法  国', 'FR', 'FRA')
INSERT INTO COUNTRIES (NAME_EN, NAME_FR, NAME_ES, NAME_RU, NAME_AR, NAME_ZH, ISO2, ISO3) VALUES ('Gambia', 'Gambie', 'Gambia', 'Гамбия', 'غامبيا', '冈比亚', 'GM', 'GMB')
INSERT INTO COUNTRIES (NAME_EN, NAME_FR, NAME_ES, NAME_RU, NAME_AR, NAME_ZH, ISO2, ISO3) VALUES ('Greece', 'Grèce', 'Grecia', 'Греция', 'اليونان', '希 腊', 'GR', 'GRC')
INSERT INTO COUNTRIES (NAME_EN, NAME_FR, NAME_ES, NAME_RU, NAME_AR, NAME_ZH, ISO2, ISO3) VALUES ('Guatemala', 'Guatemala', 'Guatemala', 'Гватемала', 'غواتيمالا', '危地马拉', 'GT', 'GTM')
INSERT INTO COUNTRIES (NAME_EN, NAME_FR, NAME_ES, NAME_RU, NAME_AR, NAME_ZH, ISO2, ISO3) VALUES ('Guinea-Bissau', 'Guinée-Bissau', 'Guinea-Bissau', 'Гвинея-Бисау', 'غينيا - بيساو', '几内亚比绍', 'GW', 'GNB')
INSERT INTO COUNTRIES (NAME_EN, NAME_FR, NAME_ES, NAME_RU, NAME_AR, NAME_ZH, ISO2, ISO3) VALUES ('Hungary', 'Hongrie', 'Hungría', 'Венгрия', 'هنغاريا', '匈牙利', 'HU', 'HUN')
INSERT INTO COUNTRIES (NAME_EN, NAME_FR, NAME_ES, NAME_RU, NAME_AR, NAME_ZH, ISO2, ISO3) VALUES ('Poland', 'Pologne', 'Polonia', 'Польша', 'بولندا', '波 兰', 'PL', 'POL')
INSERT INTO COUNTRIES (NAME_EN, NAME_FR, NAME_ES, NAME_RU, NAME_AR, NAME_ZH, ISO2, ISO3) VALUES ('Portugal', 'Portugal', 'Portugal', 'Португалия', 'البرتغال', '葡萄牙', 'PT', 'PRT')
INSERT INTO COUNTRIES (NAME_EN, NAME_FR, NAME_ES, NAME_RU, NAME_AR, NAME_ZH, ISO2, ISO3) VALUES ('Romania', 'Roumanie', 'Rumania', 'Румыния', 'رومانيا', '罗马尼亚', 'RO', 'ROU')
INSERT INTO COUNTRIES (NAME_EN, NAME_FR, NAME_ES, NAME_RU, NAME_AR, NAME_ZH, ISO2, ISO3) VALUES ('Saint Lucia', 'Sainte-Lucie', 'Santa Lucía', 'Сент-Люсия', 'سانت لوسيا', '圣卢西亚', 'LC', 'LCA')
INSERT INTO COUNTRIES (NAME_EN, NAME_FR, NAME_ES, NAME_RU, NAME_AR, NAME_ZH, ISO2, ISO3) VALUES ('Samoa', 'Samoa', 'Samoa', 'Самоа', 'ساموا', '萨摩亚', 'WS', 'WSM')
INSERT INTO COUNTRIES (NAME_EN, NAME_FR, NAME_ES, NAME_RU, NAME_AR, NAME_ZH, ISO2, ISO3) VALUES ('Saudi Arabia', 'Arabie saoudite', 'Arabia Saudita', 'Саудовская Аравия', 'المملكة العربية السعودية', '沙特阿拉伯', 'SA', 'SAU')
INSERT INTO COUNTRIES (NAME_EN, NAME_FR, NAME_ES, NAME_RU, NAME_AR, NAME_ZH, ISO2, ISO3) VALUES ('Senegal', 'Sénégal', 'Senegal', 'Сенегал', 'السنغال', '塞内加尔', 'SN', 'SEN')
INSERT INTO COUNTRIES (NAME_EN, NAME_FR, NAME_ES, NAME_RU, NAME_AR, NAME_ZH, ISO2, ISO3) VALUES ('Sierra Leone', 'Sierra Leone', 'Sierra Leona', 'Сьерра-Леоне', 'سيراليون', '塞拉利昂', 'SL', 'SLE')
INSERT INTO COUNTRIES (NAME_EN, NAME_FR, NAME_ES, NAME_RU, NAME_AR, NAME_ZH, ISO2, ISO3) VALUES ('Somalia', 'Somalie', 'Somalia', 'Сомали', 'الصومال', '索马里', 'SO', 'SOM')
INSERT INTO COUNTRIES (NAME_EN, NAME_FR, NAME_ES, NAME_RU, NAME_AR, NAME_ZH, ISO2, ISO3) VALUES ('Sri Lanka', 'Sri Lanka', 'Sri Lanka', 'Шри-Ланка', 'سري لانكا', '斯里兰卡', 'LK', 'LKA')
INSERT INTO COUNTRIES (NAME_EN, NAME_FR, NAME_ES, NAME_RU, NAME_AR, NAME_ZH, ISO2, ISO3) VALUES ('Suriname', 'Suriname', 'Suriname', 'Суринам', 'سورينام', '苏里南', 'SR', 'SUR')
INSERT INTO COUNTRIES (NAME_EN, NAME_FR, NAME_ES, NAME_RU, NAME_AR, NAME_ZH, ISO2, ISO3) VALUES ('Sweden', 'Suède', 'Suecia', 'Швеция', 'السويد', '瑞 典', 'SE', 'SWE')
INSERT INTO COUNTRIES (NAME_EN, NAME_FR, NAME_ES, NAME_RU, NAME_AR, NAME_ZH, ISO2, ISO3) VALUES ('Switzerland', 'Suisse', 'Suiza', 'Швейцария', 'سويسرا', '瑞 士', 'CH', 'CHE')
INSERT INTO COUNTRIES (NAME_EN, NAME_FR, NAME_ES, NAME_RU, NAME_AR, NAME_ZH, ISO2, ISO3) VALUES ('Thailand', 'Thaïlande', 'Tailandia', 'Таиланд', 'تايلند', '泰 国', 'TH', 'THA')
INSERT INTO COUNTRIES (NAME_EN, NAME_FR, NAME_ES, NAME_RU, NAME_AR, NAME_ZH, ISO2, ISO3) VALUES ('Tonga', 'Tonga', 'Tonga', 'Тонга', 'تونغا', '汤 加', 'TO', 'TON')
INSERT INTO COUNTRIES (NAME_EN, NAME_FR, NAME_ES, NAME_RU, NAME_AR, NAME_ZH, ISO2, ISO3) VALUES ('Tunisia', 'Tunisie', 'Túnez', 'Тунис', 'تونس', '突尼斯', 'TN', 'TUN')
INSERT INTO COUNTRIES (NAME_EN, NAME_FR, NAME_ES, NAME_RU, NAME_AR, NAME_ZH, ISO2, ISO3) VALUES ('Turkey', 'Turquie', 'Turquía', 'Турция', 'تركيا', '土耳其', 'TR', 'TUR')
INSERT INTO COUNTRIES (NAME_EN, NAME_FR, NAME_ES, NAME_RU, NAME_AR, NAME_ZH, ISO2, ISO3) VALUES ('United Kingdom', 'Royaume-Uni', 'Reino Unido', 'Соединенное Королевство', 'المملكة المتحدة', '联合王国', 'GB', 'GBR')
INSERT INTO COUNTRIES (NAME_EN, NAME_FR, NAME_ES, NAME_RU, NAME_AR, NAME_ZH, ISO2, ISO3) VALUES ('Uruguay', 'Uruguay', 'Uruguay', 'Уругвай', 'أوروغواي', '乌拉圭', 'UY', 'URY')
INSERT INTO COUNTRIES (NAME_EN, NAME_FR, NAME_ES, NAME_RU, NAME_AR, NAME_ZH, ISO2, ISO3) VALUES ('Vanuatu', 'Vanuatu', 'Vanuatu', 'Вануату', 'فانواتو', '瓦努阿图', 'VU', 'VUT')
INSERT INTO COUNTRIES (NAME_EN, NAME_FR, NAME_ES, NAME_RU, NAME_AR, NAME_ZH, ISO2, ISO3) VALUES ('Viet Nam', 'Viet Nam', 'Viet Nam', 'Вьетнам', 'فييت نام', '越 南', 'VN', 'VNM')
INSERT INTO COUNTRIES (NAME_EN, NAME_FR, NAME_ES, NAME_RU, NAME_AR, NAME_ZH, ISO2, ISO3) VALUES ('Yemen', 'Yémen', 'Yemen', 'Йемен', 'اليمن', '也 门', 'YE', 'YEM')
INSERT INTO COUNTRIES (NAME_EN, NAME_FR, NAME_ES, NAME_RU, NAME_AR, NAME_ZH, ISO2, ISO3) VALUES ('Zambia', 'Zambie', 'Zambia', 'Замбия', 'زامبيا', '赞比亚', 'ZM', 'ZMB')
INSERT INTO COUNTRIES (NAME_EN, NAME_FR, NAME_ES, NAME_RU, NAME_AR, NAME_ZH, ISO2, ISO3) VALUES ('South Africa', 'Afrique du Sud', 'Sudáfrica', 'Южная Африка', 'جنوب أفريقيا', '南 非', 'ZA', 'ZAF')
INSERT INTO COUNTRIES (NAME_EN, NAME_FR, NAME_ES, NAME_RU, NAME_AR, NAME_ZH, ISO2, ISO3) VALUES ('Ukraine', 'Ukraine', 'Ucrania', 'Украина', 'أوكرانيا', '乌克兰', 'UA', 'UKR')
INSERT INTO COUNTRIES (NAME_EN, NAME_FR, NAME_ES, NAME_RU, NAME_AR, NAME_ZH, ISO2, ISO3) VALUES ('Singapore', 'Singapour', 'Singapur', 'Сингапур', 'سنغافورة', '新加坡', 'SG', 'SGP')
INSERT INTO COUNTRIES (NAME_EN, NAME_FR, NAME_ES, NAME_RU, NAME_AR, NAME_ZH, ISO2, ISO3) VALUES ('Tuvalu', 'Tuvalu', 'Tuvalu', 'Тувалу', 'توفالو', '图瓦卢', 'TV', 'TUV')
INSERT INTO COUNTRIES (NAME_EN, NAME_FR, NAME_ES, NAME_RU, NAME_AR, NAME_ZH, ISO2, ISO3) VALUES ('Tajikistan', 'Tadjikistan', 'Tayikistán', 'Таджикистан', 'طاجيكستان', '塔吉克斯坦', 'TJ', 'TJK')
INSERT INTO COUNTRIES (NAME_EN, NAME_FR, NAME_ES, NAME_RU, NAME_AR, NAME_ZH, ISO2, ISO3) VALUES ('Uzbekistan', 'Ouzbékistan', 'Uzbekistán', 'Узбекистан', 'أوزبكستان', '乌兹别克斯坦', 'UZ', 'UZB')
INSERT INTO COUNTRIES (NAME_EN, NAME_FR, NAME_ES, NAME_RU, NAME_AR, NAME_ZH, ISO2, ISO3) VALUES ('Slovakia', 'Slovaquie', 'Eslovaquia', 'Словакия', 'سلوفاكيا', '斯洛伐克', 'SK', 'SVK')
INSERT INTO COUNTRIES (NAME_EN, NAME_FR, NAME_ES, NAME_RU, NAME_AR, NAME_ZH, ISO2, ISO3) VALUES ('Serbia', 'Serbie', 'Serbia', 'Сербия', 'صربيا', '塞尔维亚', 'RS', 'SRB')
INSERT INTO COUNTRIES (NAME_EN, NAME_FR, NAME_ES, NAME_RU, NAME_AR, NAME_ZH, ISO2, ISO3) VALUES ('South Sudan', 'Soudan du Sud', 'Sudán del Sur', 'Южный Судан', 'جنوب السودان', '南苏丹', 'SS', 'SSD')
INSERT INTO COUNTRIES (NAME_EN, NAME_FR, NAME_ES, NAME_RU, NAME_AR, NAME_ZH, ISO2, ISO3) VALUES ('India', 'Inde', 'India', 'Индия', 'الهند', '印 度', 'IN', 'IND')
INSERT INTO COUNTRIES (NAME_EN, NAME_FR, NAME_ES, NAME_RU, NAME_AR, NAME_ZH, ISO2, ISO3) VALUES ('Indonesia', 'Indonésie', 'Indonesia', 'Индонезия', 'إندونيسيا', '印度尼西亚', 'ID', 'IDN')
INSERT INTO COUNTRIES (NAME_EN, NAME_FR, NAME_ES, NAME_RU, NAME_AR, NAME_ZH, ISO2, ISO3) VALUES ('Iran (Islamic Republic of)', U&'Iran (République islamique d\0027)', 'Irán (República Islámica del)', 'Иран (Исламская Республика)', 'إيران', '伊 朗(伊斯兰共和国)', 'IR', 'IRN')
INSERT INTO COUNTRIES (NAME_EN, NAME_FR, NAME_ES, NAME_RU, NAME_AR, NAME_ZH, ISO2, ISO3) VALUES ('Italy', 'Italie', 'Italia', 'Италия', 'إيطاليا', '意大利', 'IT', 'ITA')
INSERT INTO COUNTRIES (NAME_EN, NAME_FR, NAME_ES, NAME_RU, NAME_AR, NAME_ZH, ISO2, ISO3) VALUES ('Jordan', 'Jordanie', 'Jordania', 'Иордания', 'الأردن', '约 旦', 'JO', 'JOR')
INSERT INTO COUNTRIES (NAME_EN, NAME_FR, NAME_ES, NAME_RU, NAME_AR, NAME_ZH, ISO2, ISO3) VALUES ('Kuwait', 'Koweït', 'Kuwait', 'Кувейт', 'الكويت', '科威特', 'KW', 'KWT')
INSERT INTO COUNTRIES (NAME_EN, NAME_FR, NAME_ES, NAME_RU, NAME_AR, NAME_ZH, ISO2, ISO3) VALUES ('Czech Republic', 'République tchèque', 'República Checa', 'Чешская Республика', 'الجمهورية التشيكية', '捷克共和国', 'CZ', 'CZE')
INSERT INTO COUNTRIES (NAME_EN, NAME_FR, NAME_ES, NAME_RU, NAME_AR, NAME_ZH, ISO2, ISO3) VALUES (U&'Lao People\0027s Democratic Republic', 'République démocratique populaire lao', 'República Democrática Popular Lao', 'Лаосская Народно-Демократическая Республика', 'جمهورية لاو الديمقراطية الشعبية', '老挝人民民主共和国', 'LA', 'LAO')
INSERT INTO COUNTRIES (NAME_EN, NAME_FR, NAME_ES, NAME_RU, NAME_AR, NAME_ZH, ISO2, ISO3) VALUES ('Libya', 'Libye', 'Libia', 'Ливия', 'ليبيا', '利比亚', 'LY', 'LBY')
INSERT INTO COUNTRIES (NAME_EN, NAME_FR, NAME_ES, NAME_RU, NAME_AR, NAME_ZH, ISO2, ISO3) VALUES ('Madagascar', 'Madagascar', 'Madagascar', 'Мадагаскар', 'مدغشقر', '马达加斯加', 'MG', 'MDG')
INSERT INTO COUNTRIES (NAME_EN, NAME_FR, NAME_ES, NAME_RU, NAME_AR, NAME_ZH, ISO2, ISO3) VALUES ('Malaysia', 'Malaisie', 'Malasia', 'Малайзия', 'ماليزيا', '马来西亚', 'MY', 'MYS')
INSERT INTO COUNTRIES (NAME_EN, NAME_FR, NAME_ES, NAME_RU, NAME_AR, NAME_ZH, ISO2, ISO3) VALUES ('Mali', 'Mali', 'Malí', 'Мали', 'مالي', '马 里', 'ML', 'MLI')
INSERT INTO COUNTRIES (NAME_EN, NAME_FR, NAME_ES, NAME_RU, NAME_AR, NAME_ZH, ISO2, ISO3) VALUES ('Mauritania', 'Mauritanie', 'Mauritania', 'Мавритания', 'موريتانيا', '毛里塔尼亚', 'MR', 'MRT')
INSERT INTO COUNTRIES (NAME_EN, NAME_FR, NAME_ES, NAME_RU, NAME_AR, NAME_ZH, ISO2, ISO3) VALUES ('Mexico', 'Mexique', 'México', 'Мексика', 'المكسيك', '墨西哥', 'MX', 'MEX')
INSERT INTO COUNTRIES (NAME_EN, NAME_FR, NAME_ES, NAME_RU, NAME_AR, NAME_ZH, ISO2, ISO3) VALUES ('Morocco', 'Maroc', 'Marruecos', 'Марокко', 'المغرب', '摩洛哥', 'MA', 'MAR')
INSERT INTO COUNTRIES (NAME_EN, NAME_FR, NAME_ES, NAME_RU, NAME_AR, NAME_ZH, ISO2, ISO3) VALUES ('Myanmar', 'Myanmar', 'Myanmar', 'Мьянма', 'ميانمار', '缅 甸', 'MM', 'MMR')
INSERT INTO COUNTRIES (NAME_EN, NAME_FR, NAME_ES, NAME_RU, NAME_AR, NAME_ZH, ISO2, ISO3) VALUES ('Nepal', 'Népal', 'Nepal', 'Непал', 'نيبال', '尼泊尔', 'NP', 'NPL')
INSERT INTO COUNTRIES (NAME_EN, NAME_FR, NAME_ES, NAME_RU, NAME_AR, NAME_ZH, ISO2, ISO3) VALUES ('New Zealand', 'Nouvelle-Zélande', 'Nueva Zelandia', 'Новая Зеландия', 'نيوزيلندا', '新西兰', 'NZ', 'NZL')
INSERT INTO COUNTRIES (NAME_EN, NAME_FR, NAME_ES, NAME_RU, NAME_AR, NAME_ZH, ISO2, ISO3) VALUES ('Niger', 'Niger', 'Níger', 'Нигер', 'النيجر', '尼日尔', 'NE', 'NER')
INSERT INTO COUNTRIES (NAME_EN, NAME_FR, NAME_ES, NAME_RU, NAME_AR, NAME_ZH, ISO2, ISO3) VALUES ('Norway', 'Norvège', 'Noruega', 'Норвегия', 'النرويج', '挪 威', 'NO', 'NOR')
INSERT INTO COUNTRIES (NAME_EN, NAME_FR, NAME_ES, NAME_RU, NAME_AR, NAME_ZH, ISO2, ISO3) VALUES ('Pakistan', 'Pakistan', 'Pakistán', 'Пакистан', 'باكستان', '巴基斯坦', 'PK', 'PAK')
INSERT INTO COUNTRIES (NAME_EN, NAME_FR, NAME_ES, NAME_RU, NAME_AR, NAME_ZH, ISO2, ISO3) VALUES ('Papua New Guinea', 'Papouasie-Nouvelle-Guinée', 'Papua Nueva Guinea', 'Папуа-Новая Гвинея', 'بابوا غينيا الجديدة ', '巴布亚新几内亚', 'PG', 'PNG')
INSERT INTO COUNTRIES (NAME_EN, NAME_FR, NAME_ES, NAME_RU, NAME_AR, NAME_ZH, ISO2, ISO3) VALUES ('Paraguay', 'Paraguay', 'Paraguay', 'Парагвай', 'باراغواي', '巴拉圭', 'PY', 'PRY')
INSERT INTO COUNTRIES (NAME_EN, NAME_FR, NAME_ES, NAME_RU, NAME_AR, NAME_ZH, ISO2, ISO3) VALUES ('Peru', 'Pérou', 'Perú', 'Перу', 'بيرو', '秘 鲁', 'PE', 'PER')
INSERT INTO COUNTRIES (NAME_EN, NAME_FR, NAME_ES, NAME_RU, NAME_AR, NAME_ZH, ISO2, ISO3) VALUES ('Philippines', 'Philippines', 'Filipinas', 'Филиппины', 'الفلبين', '菲律宾', 'PH', 'PHL')
INSERT INTO COUNTRIES (NAME_EN, NAME_FR, NAME_ES, NAME_RU, NAME_AR, NAME_ZH, ISO2, ISO3) VALUES ('Qatar', 'Qatar', 'Qatar', 'Катар', 'قطر', '卡塔尔', 'QA', 'QAT')
INSERT INTO COUNTRIES (NAME_EN, NAME_FR, NAME_ES, NAME_RU, NAME_AR, NAME_ZH, ISO2, ISO3) VALUES ('Rwanda', 'Rwanda', 'Rwanda', 'Руанда', 'رواندا', '卢旺达', 'RW', 'RWA')
INSERT INTO COUNTRIES (NAME_EN, NAME_FR, NAME_ES, NAME_RU, NAME_AR, NAME_ZH, ISO2, ISO3) VALUES ('Saint Kitts and Nevis', 'Saint-Kitts-et-Nevis', 'Saint Kitts y Nevis', 'Сент-Китс и Невис', 'سانت كيتس ونيفيس', '圣基茨和尼维斯', 'KN', 'KNA')
INSERT INTO COUNTRIES (NAME_EN, NAME_FR, NAME_ES, NAME_RU, NAME_AR, NAME_ZH, ISO2, ISO3) VALUES ('Saint Vincent and the Grenadines', 'Saint-Vincent-et-les Grenadines', 'San Vicente y las Granadinas', 'Сент-Винсент и Гренадины', 'سانت فنسنت وجزر غرينادين', '圣文森特和格林纳丁斯', 'VC', 'VCT')
INSERT INTO COUNTRIES (NAME_EN, NAME_FR, NAME_ES, NAME_RU, NAME_AR, NAME_ZH, ISO2, ISO3) VALUES ('Sao Tome and Principe', 'Sao Tomé-et-Principe', 'Santo Tomé y Príncipe', 'Сан-Томе и Принсипи', 'سان تومي وبرنسيبي', '圣多美和普林西比', 'ST', 'STP')
INSERT INTO COUNTRIES (NAME_EN, NAME_FR, NAME_ES, NAME_RU, NAME_AR, NAME_ZH, ISO2, ISO3) VALUES ('Seychelles', 'Seychelles', 'Seychelles', 'Сейшельские Острова', 'سيشيل', '塞舌尔', 'SC', 'SYC')
INSERT INTO COUNTRIES (NAME_EN, NAME_FR, NAME_ES, NAME_RU, NAME_AR, NAME_ZH, ISO2, ISO3) VALUES ('Solomon Islands', 'Îles Salomon', 'Islas Salomón', 'Соломоновы Острова', 'جزر سليمان', '所罗门群岛', 'SB', 'SLB')
INSERT INTO COUNTRIES (NAME_EN, NAME_FR, NAME_ES, NAME_RU, NAME_AR, NAME_ZH, ISO2, ISO3) VALUES ('Spain', 'Espagne', 'España', 'Испания', 'إسبانيا', '西班牙', 'ES', 'ESP')
INSERT INTO COUNTRIES (NAME_EN, NAME_FR, NAME_ES, NAME_RU, NAME_AR, NAME_ZH, ISO2, ISO3) VALUES ('Sudan', 'Soudan', 'Sudán', 'Судан', 'السودان', '苏 丹', 'SD', 'SDN')
INSERT INTO COUNTRIES (NAME_EN, NAME_FR, NAME_ES, NAME_RU, NAME_AR, NAME_ZH, ISO2, ISO3) VALUES ('Swaziland', 'Swaziland', 'Swazilandia', 'Свазиленд', 'سوازيلند', '斯威士兰', 'SZ', 'SWZ')
INSERT INTO COUNTRIES (NAME_EN, NAME_FR, NAME_ES, NAME_RU, NAME_AR, NAME_ZH, ISO2, ISO3) VALUES ('Syrian Arab Republic', 'République arabe syrienne', 'República Árabe Siria', 'Сирийская Арабская Республика', 'الجمهورية العربية السورية', '阿拉伯叙利亚共和国', 'SY', 'SYR')
INSERT INTO COUNTRIES (NAME_EN, NAME_FR, NAME_ES, NAME_RU, NAME_AR, NAME_ZH, ISO2, ISO3) VALUES ('Togo', 'Togo', 'Togo', 'Того', 'توغو', '多 哥', 'TG', 'TGO')
INSERT INTO COUNTRIES (NAME_EN, NAME_FR, NAME_ES, NAME_RU, NAME_AR, NAME_ZH, ISO2, ISO3) VALUES ('Trinidad and Tobago', 'Trinité-et-Tobago', 'Trinidad y Tabago', 'Тринидад и Тобаго', 'ترينيداد وتوباغو', '特立尼达和多巴哥', 'TT', 'TTO')
INSERT INTO COUNTRIES (NAME_EN, NAME_FR, NAME_ES, NAME_RU, NAME_AR, NAME_ZH, ISO2, ISO3) VALUES ('Uganda', 'Ouganda', 'Uganda', 'Уганда', 'أوغندا', '乌干达', 'UG', 'UGA')
INSERT INTO COUNTRIES (NAME_EN, NAME_FR, NAME_ES, NAME_RU, NAME_AR, NAME_ZH, ISO2, ISO3) VALUES ('United Arab Emirates', 'Émirats arabes unis', 'Emiratos Árabes Unidos', 'Объединенные Арабские Эмираты', 'الإمارات العربية المتحدة', '阿拉伯联合酋长国', 'AE', 'ARE')
INSERT INTO COUNTRIES (NAME_EN, NAME_FR, NAME_ES, NAME_RU, NAME_AR, NAME_ZH, ISO2, ISO3) VALUES ('United Republic of Tanzania', 'République-Unie de Tanzanie', 'República Unida de Tanzanía', 'Объединенная Республика Танзания', 'جمهورية تنزانيا المتحدة', '坦桑尼亚联合共和国', 'TZ', 'TZA')
INSERT INTO COUNTRIES (NAME_EN, NAME_FR, NAME_ES, NAME_RU, NAME_AR, NAME_ZH, ISO2, ISO3) VALUES ('United States of America', U&'États-Unis d\0027Amérique', 'Estados Unidos de América', 'Соединенные Штаты Америки', 'الولايات المتحدة الأمريكية', '美 国', 'US', 'USA')
INSERT INTO COUNTRIES (NAME_EN, NAME_FR, NAME_ES, NAME_RU, NAME_AR, NAME_ZH, ISO2, ISO3) VALUES ('Venezuela (Bolivarian Republic of)', 'Venezuela (République bolivarienne du)', 'Venezuela (República Bolivariana de)', 'Венесуэла (Боливарианская Республика)', 'فنزويلا - جمهورية .. البوليفارية', '委内瑞拉 (玻利瓦尔共和国)', 'VE', 'VEN')
INSERT INTO COUNTRIES (NAME_EN, NAME_FR, NAME_ES, NAME_RU, NAME_AR, NAME_ZH, ISO2, ISO3) VALUES ('Democratic Republic of the Congo', 'République démocratique du Congo', 'República Democrática del Congo', 'Демократическая Республика Конго', 'جمهورية الكونغو الديمقراطية', '刚果民主共和国', 'CD', 'COD')
INSERT INTO COUNTRIES (NAME_EN, NAME_FR, NAME_ES, NAME_RU, NAME_AR, NAME_ZH, ISO2, ISO3) VALUES ('Zimbabwe', 'Zimbabwe', 'Zimbabwe', 'Зимбабве', 'زمبابوي', '津巴布韦', 'ZW', 'ZWE')
INSERT INTO COUNTRIES (NAME_EN, NAME_FR, NAME_ES, NAME_RU, NAME_AR, NAME_ZH, ISO2, ISO3) VALUES ('Republic of Korea', 'République de Corée', 'República de Corea', 'Республика Корея', 'جمهورية كوريا', '大韩民国', 'KR', 'KOR')
INSERT INTO COUNTRIES (NAME_EN, NAME_FR, NAME_ES, NAME_RU, NAME_AR, NAME_ZH, ISO2, ISO3) VALUES ('Micronesia (Federated States of)', 'Micronésie (États fédérés de)', 'Micronesia (Estados Federados de)', 'Микронезия (Федеративные Штаты)', 'ميكرونيزيا', '密克罗尼西亚(联邦)', 'FM', 'FSM')
INSERT INTO COUNTRIES (NAME_EN, NAME_FR, NAME_ES, NAME_RU, NAME_AR, NAME_ZH, ISO2, ISO3) VALUES ('Lithuania', 'Lituanie', 'Lituania', 'Литва', 'ليتوانيا', '立陶宛', 'LT', 'LTU')
INSERT INTO COUNTRIES (NAME_EN, NAME_FR, NAME_ES, NAME_RU, NAME_AR, NAME_ZH, ISO2, ISO3) VALUES ('Belarus', 'Bélarus', 'Belarús', 'Беларусь', 'بيلاروس', '白俄罗斯', 'BY', 'BLR')
INSERT INTO COUNTRIES (NAME_EN, NAME_FR, NAME_ES, NAME_RU, NAME_AR, NAME_ZH, ISO2, ISO3) VALUES ('Brunei Darussalam', 'Brunéi Darussalam', 'Brunei Darussalam', 'Бруней-Даруссалам', 'برونى دار السلام', '文莱达鲁萨兰国', 'BN', 'BRN')
INSERT INTO COUNTRIES (NAME_EN, NAME_FR, NAME_ES, NAME_RU, NAME_AR, NAME_ZH, ISO2, ISO3) VALUES ('Nauru', 'Nauru', 'Nauru', 'Науру', 'ناورو', '瑙 鲁', 'NR', 'NRU')
INSERT INTO COUNTRIES (NAME_EN, NAME_FR, NAME_ES, NAME_RU, NAME_AR, NAME_ZH, ISO2, ISO3) VALUES ('San Marino', 'Saint-Marin', 'San Marino', 'Сан-Марино', 'سان مارينو', '圣马力诺', 'SM', 'SMR')
INSERT INTO COUNTRIES (NAME_EN, NAME_FR, NAME_ES, NAME_RU, NAME_AR, NAME_ZH, ISO2, ISO3) VALUES ('Tokelau (Associate Member)', 'Tokélaou (Membre associé)', 'Tokelau (Miembro Asociado)', 'Токелау (ассоциированный член)', 'توكيلاو - عضو منتسب', '托克劳', 'TK', 'TKL')
INSERT INTO COUNTRIES (NAME_EN, NAME_FR, NAME_ES, NAME_RU, NAME_AR, NAME_ZH, ISO2, ISO3) VALUES ('Russian Federation', 'Fédération de Russie', 'Federación de Rusia', 'Российская Федерация', 'الاتحاد الروسي', '俄罗斯联邦', 'RU', 'RUS')
INSERT INTO COUNTRIES (NAME_EN, NAME_FR, NAME_ES, NAME_RU, NAME_AR, NAME_ZH, ISO2, ISO3) VALUES ('Armenia', 'Arménie', 'Armenia', 'Армения', 'أرمينيا', '亚美尼亚', 'AM', 'ARM')
INSERT INTO COUNTRIES (NAME_EN, NAME_FR, NAME_ES, NAME_RU, NAME_AR, NAME_ZH, ISO2, ISO3) VALUES ('Kyrgyzstan', 'Kirghizistan', 'Kirguistán', 'Кыргызстан', 'قيرغيزستان', '吉尔吉斯斯坦', 'KG', 'KGZ')
INSERT INTO COUNTRIES (NAME_EN, NAME_FR, NAME_ES, NAME_RU, NAME_AR, NAME_ZH, ISO2, ISO3) VALUES ('Turkmenistan', 'Turkménistan', 'Turkmenistán', 'Туркменистан', 'تركمانستان', '土库曼斯坦', 'TM', 'TKM')
INSERT INTO COUNTRIES (NAME_EN, NAME_FR, NAME_ES, NAME_RU, NAME_AR, NAME_ZH, ISO2, ISO3) VALUES ('Kazakhstan', 'Kazakhstan', 'Kazajstán', 'Казахстан', 'كازاخستان', '哈萨克斯坦', 'KZ', 'KAZ')
INSERT INTO COUNTRIES (NAME_EN, NAME_FR, NAME_ES, NAME_RU, NAME_AR, NAME_ZH, ISO2, ISO3) VALUES ('Slovenia', 'Slovénie', 'Eslovenia', 'Словения', 'سلوفينيا', '斯洛文尼亚', 'SI', 'SVN')
INSERT INTO COUNTRIES (NAME_EN, NAME_FR, NAME_ES, NAME_RU, NAME_AR, NAME_ZH, ISO2, ISO3) VALUES ('Bosnia and Herzegovina', 'Bosnie-Herzégovine', 'Bosnia y Herzegovina', 'Босния и Герцеговина', 'البوسنة والهرسك', '波斯尼亚和黑塞哥维那', 'BA', 'BIH')
INSERT INTO COUNTRIES (NAME_EN, NAME_FR, NAME_ES, NAME_RU, NAME_AR, NAME_ZH, ISO2, ISO3) VALUES ('Timor-Leste', 'Timor-Leste', 'Timor-Leste', 'Тимор-Лешти', 'تيمور- ليشتى', '东帝汶', 'TL', 'TLS')
INSERT INTO COUNTRIES (NAME_EN, NAME_FR, NAME_ES, NAME_RU, NAME_AR, NAME_ZH, ISO2, ISO3) VALUES ('Republic of Moldova', 'République de Moldova', 'República de Moldova', 'Республика Молдова', 'جمهورية مولدوفا', '摩尔多瓦共和国', 'MD', 'MDA')
INSERT INTO COUNTRIES (NAME_EN, NAME_FR, NAME_ES, NAME_RU, NAME_AR, NAME_ZH, ISO2, ISO3) VALUES ('The former Yugoslav Republic of Macedonia', U&'l\0027ex-République yougoslave de Macédoine', 'la ex República Yugoslava de Macedonia', 'бывшая югославская Республика Македония', 'السابقة اليوغوسلافية مقدونيا جمهورية', '前南斯拉夫的马其顿共和国', 'MK', 'MKD')

INSERT INTO YESNO (CODE, NAME_EN, NAME_FR, NAME_ES) VALUES ('Y', 'Yes', 'Oui', 'Si');
INSERT INTO YESNO (CODE, NAME_EN, NAME_FR, NAME_ES) VALUES ('N', 'No', 'No', 'No');

INSERT INTO CHECKBOXTEST (CODE, NAME_EN, NAME_FR, NAME_ES) VALUES ('1', 'Option 1', 'Option 1', 'Opción 1');
INSERT INTO CHECKBOXTEST (CODE, NAME_EN, NAME_FR, NAME_ES) VALUES ('2', 'Option 2', 'Option 2', 'Opción 2');
INSERT INTO CHECKBOXTEST (CODE, NAME_EN, NAME_FR, NAME_ES) VALUES ('3', 'Option 3', 'Option 3', 'Opción 3');
INSERT INTO CHECKBOXTEST (CODE, NAME_EN, NAME_FR, NAME_ES) VALUES ('4', 'Option 4', 'Option 4', 'Opción 4');


INSERT INTO SPECIES (CODE, NAME_EN, NAME_FR, NAME_LATIN) VALUES (U&'YFT',U&'Yellowfin tuna',U&'Albacore',U&'Thunnus albacares');
INSERT INTO SPECIES (CODE, NAME_EN, NAME_FR, NAME_LATIN) VALUES (U&'BET',U&'Bigeye tuna',U&'Patudo; Thon obèse',U&'Thunnus obesus');
INSERT INTO SPECIES (CODE, NAME_EN, NAME_FR, NAME_LATIN) VALUES (U&'SKJ',U&'Skipjack tuna',U&'Listao',U&'Katsuwonus pelamis');
INSERT INTO SPECIES (CODE, NAME_EN, NAME_FR, NAME_LATIN) VALUES (U&'ALB',U&'Albacore',U&'Germon',U&'Thunnus alalunga');
INSERT INTO SPECIES (CODE, NAME_EN, NAME_FR, NAME_LATIN) VALUES (U&'SBF',U&'Southern bluefin tuna',U&'Thon rouge du Sud',U&'Thunnus maccoyii');
INSERT INTO SPECIES (CODE, NAME_EN, NAME_FR, NAME_LATIN) VALUES (U&'SWO',U&'Swordfish',U&'Espadon',U&'Xiphias gladius');
INSERT INTO SPECIES (CODE, NAME_EN, NAME_FR, NAME_LATIN) VALUES (U&'BLM',U&'Black Marlin',U&'Makaire noir',U&'Makaira indica');
INSERT INTO SPECIES (CODE, NAME_EN, NAME_FR, NAME_LATIN) VALUES (U&'BUM',U&'Blue Marlin',U&'Makaire bleu',U&'Makaira nigricans');
INSERT INTO SPECIES (CODE, NAME_EN, NAME_FR, NAME_LATIN) VALUES (U&'MLS',U&'Striped marlin',U&'Marlin rayé',U&'Tetrapturus audax');
INSERT INTO SPECIES (CODE, NAME_EN, NAME_FR, NAME_LATIN) VALUES (U&'SFA',U&'Indo-Pacific sailfish',U&'Voilier indo-pacifique',U&'Istiophorus platypterus');
INSERT INTO SPECIES (CODE, NAME_EN, NAME_FR, NAME_LATIN) VALUES (U&'LOT',U&'Longtail tuna',U&'Thon mignon',U&'Thunnus tonggol');
INSERT INTO SPECIES (CODE, NAME_EN, NAME_FR, NAME_LATIN) VALUES (U&'KAW',U&'Kawakawa',U&'Thonine orientale',U&'Euthynnus affinis');
INSERT INTO SPECIES (CODE, NAME_EN, NAME_FR, NAME_LATIN) VALUES (U&'FRI',U&'Frigate tuna',U&'Auxide',U&'Auxis thazard');
INSERT INTO SPECIES (CODE, NAME_EN, NAME_FR, NAME_LATIN) VALUES (U&'BLT',U&'Bullet tuna',U&'Bonitou',U&'Auxis rochei');
INSERT INTO SPECIES (CODE, NAME_EN, NAME_FR, NAME_LATIN) VALUES (U&'COM',U&'Narrow-barred Spanish mackerel',U&'Thazard rayé indo-pacifique',U&'Scomberomorus commerson');
INSERT INTO SPECIES (CODE, NAME_EN, NAME_FR, NAME_LATIN) VALUES (U&'GUT',U&'Indo-Pacific king mackerel',U&'Thazard ponctué indo-pacifique',U&'Scomberomorus guttatus');
INSERT INTO SPECIES (CODE, NAME_EN, NAME_FR, NAME_LATIN) VALUES (U&'BAU',U&'Australian bonito',U&'Bonite bagnard',U&'Sarda australis');
INSERT INTO SPECIES (CODE, NAME_EN, NAME_FR, NAME_LATIN) VALUES (U&'BAR',U&'Barracudas',U&'Brochets de mer',U&'Sphyraena spp');
INSERT INTO SPECIES (CODE, NAME_EN, NAME_FR, NAME_LATIN) VALUES (U&'ESCL',U&'Black escolar',U&'Escolier noir',U&'Lepidocybium flavobrunneum');
INSERT INTO SPECIES (CODE, NAME_EN, NAME_FR, NAME_LATIN) VALUES (U&'MAA',U&'Blue mackerel',U&'Maquereau tacheté',U&'Scomber australasicus');
INSERT INTO SPECIES (CODE, NAME_EN, NAME_FR, NAME_LATIN) VALUES (U&'BUK',U&'Butterfly kingfish',U&'Thon papillon',U&'Gasterochisma melampus');
INSERT INTO SPECIES (CODE, NAME_EN, NAME_FR, NAME_LATIN) VALUES (U&'DOL',U&'Common dolphinfish',U&'Coryphène commune',U&'Coryphaena hippurus');
INSERT INTO SPECIES (CODE, NAME_EN, NAME_FR, NAME_LATIN) VALUES (U&'DOT',U&'Dogtooth tuna',U&'Bonite à gros yeux',U&'Gymnosarda unicolor');
INSERT INTO SPECIES (CODE, NAME_EN, NAME_FR, NAME_LATIN) VALUES (U&'DBM',U&'Double-lined mackerel',U&'Thazard-kusara',U&'Grammatorcynus bilineatus');
INSERT INTO SPECIES (CODE, NAME_EN, NAME_FR, NAME_LATIN) VALUES (U&'AMB',U&'Greater amberjack',U&'Sériole couronnée',U&'Seriola dumerili');
INSERT INTO SPECIES (CODE, NAME_EN, NAME_FR, NAME_LATIN) VALUES (U&'RAG',U&'Indian mackerel',U&'Maquereau des Indes',U&'Rastrelliger kanagurta');
INSERT INTO SPECIES (CODE, NAME_EN, NAME_FR, NAME_LATIN) VALUES (U&'KAK',U&'Kanadi kingfish',U&'Thazard kanadi',U&'Scomberomorus plurilineatus');
INSERT INTO SPECIES (CODE, NAME_EN, NAME_FR, NAME_LATIN) VALUES (U&'KOS',U&'Korean seerfish',U&'Thazard coréen',U&'Scomberomorus koreanus');
INSERT INTO SPECIES (CODE, NAME_EN, NAME_FR, NAME_LATIN) VALUES (U&'SPF',U&'Longbill spearfish',U&'Makaire à rostre',U&'Tetrapturus pfluegeri');
INSERT INTO SPECIES (CODE, NAME_EN, NAME_FR, NAME_LATIN) VALUES (U&'OIL',U&'Oilfish',U&'Rouvet',U&'Ruvettus pretiosus');
INSERT INTO SPECIES (CODE, NAME_EN, NAME_FR, NAME_LATIN) VALUES (U&'LAG',U&'Opah',U&'Opah',U&'Lampris guttatus');
INSERT INTO SPECIES (CODE, NAME_EN, NAME_FR, NAME_LATIN) VALUES (U&'SAP',U&'Pacific saury',U&'Saurie',U&'Cololabis saira');
INSERT INTO SPECIES (CODE, NAME_EN, NAME_FR, NAME_LATIN) VALUES (U&'BRA',U&'Pomfrets nei',U&'Castagnoles',U&'Brama spp');
INSERT INTO SPECIES (CODE, NAME_EN, NAME_FR, NAME_LATIN) VALUES (U&'CFW',U&'Pompano dolphinfish',U&'Dorade',U&'Coryphaena equiselis');
INSERT INTO SPECIES (CODE, NAME_EN, NAME_FR, NAME_LATIN) VALUES (U&'RRU',U&'Rainbow runner',U&'Comète saumon',U&'Elagatis bipinnulata');
INSERT INTO SPECIES (CODE, NAME_EN, NAME_FR, NAME_LATIN) VALUES (U&'SSP',U&'Short-billed spearfish',U&'Makaire à rostre court',U&'Tetrapturus angustirostris');
INSERT INTO SPECIES (CODE, NAME_EN, NAME_FR, NAME_LATIN) VALUES (U&'STS',U&'Streaked seerfish',U&'Thazard cirrus',U&'Scomberomorus lineolatus');
INSERT INTO SPECIES (CODE, NAME_EN, NAME_FR, NAME_LATIN) VALUES (U&'BIP',U&'Striped bonito',U&'Bonite orientale',U&'Sarda orientalis');
INSERT INTO SPECIES (CODE, NAME_EN, NAME_FR, NAME_LATIN) VALUES (U&'WAH',U&'Wahoo',U&'Thazard bâtard',U&'Acanthocybium solandri');
INSERT INTO SPECIES (CODE, NAME_EN, NAME_FR, NAME_LATIN) VALUES (U&'MZZ',U&'Other bony fishes NEI',U&'Autres poissons osseux nca',U&'Osteichthyes');
INSERT INTO SPECIES (CODE, NAME_EN, NAME_FR, NAME_LATIN) VALUES (U&'ALS',U&'Silvertip shark',U&'Requin pointe blanche',U&'Carcharhinus albimarginatus');
INSERT INTO SPECIES (CODE, NAME_EN, NAME_FR, NAME_LATIN) VALUES (U&'ALV',U&'Thresher Shark',U&'Renard',U&'Alopias vulpinus');
INSERT INTO SPECIES (CODE, NAME_EN, NAME_FR, NAME_LATIN) VALUES (U&'BSH',U&'Blue shark',U&'Peau bleue',U&'Prionace glauca');
INSERT INTO SPECIES (CODE, NAME_EN, NAME_FR, NAME_LATIN) VALUES (U&'BTH',U&'Bigeye thresher',U&'Renard à gros yeux',U&'Alopias superciliosus');
INSERT INTO SPECIES (CODE, NAME_EN, NAME_FR, NAME_LATIN) VALUES (U&'CCP',U&'Sandbar shark',U&'Requin gris',U&'Carcharhinus plumbeus');
INSERT INTO SPECIES (CODE, NAME_EN, NAME_FR, NAME_LATIN) VALUES (U&'FAL',U&'Silky shark',U&'Requin soyeux',U&'Carcharhinus falciformis');
INSERT INTO SPECIES (CODE, NAME_EN, NAME_FR, NAME_LATIN) VALUES (U&'LMA',U&'Longfin mako',U&'Petite taupe',U&'Isurus paucus');
INSERT INTO SPECIES (CODE, NAME_EN, NAME_FR, NAME_LATIN) VALUES (U&'OCS',U&'Oceanic whitetip shark',U&'Requin océanique',U&'Carcharhinus longimanus');
INSERT INTO SPECIES (CODE, NAME_EN, NAME_FR, NAME_LATIN) VALUES (U&'POR',U&'Porbeagle',U&'Requin-taupe commun',U&'Lamna nasus');
INSERT INTO SPECIES (CODE, NAME_EN, NAME_FR, NAME_LATIN) VALUES (U&'PSK',U&'Crocodile shark',U&'Requin crocodile',U&'Pseudocarcharias kamoharai');
INSERT INTO SPECIES (CODE, NAME_EN, NAME_FR, NAME_LATIN) VALUES (U&'PTH',U&'Pelagic Thresher Shark',U&'Renard pélagique',U&'Alopias pelagicus');
INSERT INTO SPECIES (CODE, NAME_EN, NAME_FR, NAME_LATIN) VALUES (U&'RHN',U&'Whale shark',U&'Requin-baleine',U&'Rhincodon typus');
INSERT INTO SPECIES (CODE, NAME_EN, NAME_FR, NAME_LATIN) VALUES (U&'SMA',U&'Shortfin mako',U&'Taupe bleue',U&'Isurus oxyrinchus');
INSERT INTO SPECIES (CODE, NAME_EN, NAME_FR, NAME_LATIN) VALUES (U&'SPL',U&'Scalloped hammerhead',U&'Requin marteau halicorne',U&'Sphyrna lewini');
INSERT INTO SPECIES (CODE, NAME_EN, NAME_FR, NAME_LATIN) VALUES (U&'TIG',U&'Tiger shark',U&'Requin tigre commun',U&'Galeocerdo cuvier');
INSERT INTO SPECIES (CODE, NAME_EN, NAME_FR, NAME_LATIN) VALUES (U&'WSH',U&'Great White shark',U&'Grand requin blanc',U&'Carcharodon carcharias');
INSERT INTO SPECIES (CODE, NAME_EN, NAME_FR, NAME_LATIN) VALUES (U&'RMB',U&'Giant manta',U&'Manta géante',U&'Manta birostris');
INSERT INTO SPECIES (CODE, NAME_EN, NAME_FR, NAME_LATIN) VALUES (U&'AGN',U&'Angel shark',U&'Ange de mer commun',U&'Squatina squatina');
INSERT INTO SPECIES (CODE, NAME_EN, NAME_FR, NAME_LATIN) VALUES (U&'RMA',U&'Alfred manta',U&'Manta de récif',U&'Manta alfredi');
INSERT INTO SPECIES (CODE, NAME_EN, NAME_FR, NAME_LATIN) VALUES (U&'OXY',U&'Angular rough shark',U&'Centrine commune',U&'Oxynotus centrina');
INSERT INTO SPECIES (CODE, NAME_EN, NAME_FR, NAME_LATIN) VALUES (U&'SUU',U&'Australian angelshark',U&'Ange de mer australien',U&'Squatina australis');
INSERT INTO SPECIES (CODE, NAME_EN, NAME_FR, NAME_LATIN) VALUES (U&'MTM',U&'Arabian smooth-hound',U&'Emissole d\0027Arabie',U&'Mustelus mosis');
INSERT INTO SPECIES (CODE, NAME_EN, NAME_FR, NAME_LATIN) VALUES (U&'SHBC',U&'Banded cat shark',U&'Holbiche des plages',U&'Halaelurus lineatus');
INSERT INTO SPECIES (CODE, NAME_EN, NAME_FR, NAME_LATIN) VALUES (U&'BSK',U&'Basking shark',U&'pélerin',U&'Cetorhinus maximus');
INSERT INTO SPECIES (CODE, NAME_EN, NAME_FR, NAME_LATIN) VALUES (U&'ODH',U&'Bigeye sand tiger shark',U&'Requin noronhai',U&'Odontaspis noronhai');
INSERT INTO SPECIES (CODE, NAME_EN, NAME_FR, NAME_LATIN) VALUES (U&'HXN',U&'Bigeyed sixgill shark',U&'Requin vache',U&'Hexanchus nakamurai');
INSERT INTO SPECIES (CODE, NAME_EN, NAME_FR, NAME_LATIN) VALUES (U&'CCA',U&'Bignose shark',U&'Requin babosse',U&'Carcharhinus altimus');
INSERT INTO SPECIES (CODE, NAME_EN, NAME_FR, NAME_LATIN) VALUES (U&'BLR',U&'Blacktip reef shark',U&'Requin pointes noires',U&'Carcharhinus melanopterus');
INSERT INTO SPECIES (CODE, NAME_EN, NAME_FR, NAME_LATIN) VALUES (U&'CCL',U&'Blacktip shark',U&'Requin bordé',U&'Carcharhinus limbatus');
INSERT INTO SPECIES (CODE, NAME_EN, NAME_FR, NAME_LATIN) VALUES (U&'SBL',U&'Bluntnose sixgill shark',U&'Requin griset',U&'Hexanchus griseus');
INSERT INTO SPECIES (CODE, NAME_EN, NAME_FR, NAME_LATIN) VALUES (U&'NTC',U&'Broadnose sevengill shark',U&'Platnez',U&'Notorynchus cepedianus');
INSERT INTO SPECIES (CODE, NAME_EN, NAME_FR, NAME_LATIN) VALUES (U&'OQX',U&'Brownbanded bambooshark',U&'Requin-chabot bambou',U&'Chiloscyllium punctatum');
INSERT INTO SPECIES (CODE, NAME_EN, NAME_FR, NAME_LATIN) VALUES (U&'CCE',U&'Bull shark',U&'Requin-bouledogue',U&'Carcharhinus leucas');
INSERT INTO SPECIES (CODE, NAME_EN, NAME_FR, NAME_LATIN) VALUES (U&'RMT',U&'Chilean devilray/sicklefin deveilday',U&'Diable du Chili',U&'Mobula tarapacana');
INSERT INTO SPECIES (CODE, NAME_EN, NAME_FR, NAME_LATIN) VALUES (U&'ISB',U&'Cookie cutter shark',U&'Squalelet féroce',U&'Isistius brasiliensis');
INSERT INTO SPECIES (CODE, NAME_EN, NAME_FR, NAME_LATIN) VALUES (U&'BRO',U&'Copper shark',U&'Requin cuivre',U&'Carcharhinus brachyurus');
INSERT INTO SPECIES (CODE, NAME_EN, NAME_FR, NAME_LATIN) VALUES (U&'SHCW',U&'Cow Shark',U&'Requins griset',U&'Hexanchidae spp');
INSERT INTO SPECIES (CODE, NAME_EN, NAME_FR, NAME_LATIN) VALUES (U&'RMM',U&'Devil fish',U&'Diable de Méditerranée',U&'Mobula mobular');
INSERT INTO SPECIES (CODE, NAME_EN, NAME_FR, NAME_LATIN) VALUES (U&'DUS',U&'Dusky shark',U&'Requin de sable',U&'Carcharhinus obscurus');
INSERT INTO SPECIES (CODE, NAME_EN, NAME_FR, NAME_LATIN) VALUES (U&'MRL',U&'Flapnose ray',U&'Mourine javanaise',U&'Rhinoptera jacanica');
INSERT INTO SPECIES (CODE, NAME_EN, NAME_FR, NAME_LATIN) VALUES (U&'CCG',U&'Galapagos shark',U&'Requin des Galapagos',U&'Carcharhinus galapagensis');
INSERT INTO SPECIES (CODE, NAME_EN, NAME_FR, NAME_LATIN) VALUES (U&'RMB',U&'Giant manta',U&'Manta géante',U&'Manta birostris');
INSERT INTO SPECIES (CODE, NAME_EN, NAME_FR, NAME_LATIN) VALUES (U&'CCY',U&'Graceful shark',U&'Requin gracile',U&'Carcharhinus amblyrhynchoides');
INSERT INTO SPECIES (CODE, NAME_EN, NAME_FR, NAME_LATIN) VALUES (U&'SPK',U&'Great hammerhead',U&'grand requin-marteau',U&'Sphyrna mokarran');
INSERT INTO SPECIES (CODE, NAME_EN, NAME_FR, NAME_LATIN) VALUES (U&'ORR',U&'Grey bambooshark',U&'Requin-chabot gris',U&'Chiloscyllium griseum');
INSERT INTO SPECIES (CODE, NAME_EN, NAME_FR, NAME_LATIN) VALUES (U&'AML',U&'Grey Reef Shark',U&'Requin dagsit',U&'Carcharhinus amblyrhynchos');
INSERT INTO SPECIES (CODE, NAME_EN, NAME_FR, NAME_LATIN) VALUES (U&'CCM',U&'Hardnose shark',U&'Requin nez rude',U&'Carcharhinus macloti');
INSERT INTO SPECIES (CODE, NAME_EN, NAME_FR, NAME_LATIN) VALUES (U&'HCM',U&'Hooktooth shark',U&'Milandre harpon',U&'Chaenogaleus macrostoma');
INSERT INTO SPECIES (CODE, NAME_EN, NAME_FR, NAME_LATIN) VALUES (U&'SCK',U&'Kitefin shark',U&'Squale liche',U&'Dalatias licha');
INSERT INTO SPECIES (CODE, NAME_EN, NAME_FR, NAME_LATIN) VALUES (U&'GUQ',U&'Leafscale gulper shark',U&'Squale-chagrin de l\0027Atlantique',U&'Centrophorus squamosus');
INSERT INTO SPECIES (CODE, NAME_EN, NAME_FR, NAME_LATIN) VALUES (U&'NGB',U&'Lemon shark',U&'Requin citron',U&'Negaprion brevirostris');
INSERT INTO SPECIES (CODE, NAME_EN, NAME_FR, NAME_LATIN) VALUES (U&'CPU',U&'Little gulper shark',U&'Petit squale-chagrin',U&'Centrophorus uyato');
INSERT INTO SPECIES (CODE, NAME_EN, NAME_FR, NAME_LATIN) VALUES (U&'RME',U&'Longhorned mobula',U&'Diable pygmée',U&'Mobula eregoodootenkee');
INSERT INTO SPECIES (CODE, NAME_EN, NAME_FR, NAME_LATIN) VALUES (U&'RHA',U&'Milk shark',U&'Requin à museau pointu',U&'Rhizoprionodon acutus');
INSERT INTO SPECIES (CODE, NAME_EN, NAME_FR, NAME_LATIN) VALUES (U&'CYT',U&'Ornate dogfish',U&'Aiguillat élégant',U&'Centroscyllium ornatum');
INSERT INTO SPECIES (CODE, NAME_EN, NAME_FR, NAME_LATIN) VALUES (U&'PSL',U&'Pelagic stingray',U&'Pastenague violette',U&'Pteroplatytrygon violacea');
INSERT INTO SPECIES (CODE, NAME_EN, NAME_FR, NAME_LATIN) VALUES (U&'LMD',U&'Salmon shark',U&'Requin-taupe saumon',U&'Lamna ditropis');
INSERT INTO SPECIES (CODE, NAME_EN, NAME_FR, NAME_LATIN) VALUES (U&'HXT',U&'Sharpnose sevengill shark',U&'Requin perlon',U&'Heptranchias perlo');
INSERT INTO SPECIES (CODE, NAME_EN, NAME_FR, NAME_LATIN) VALUES (U&'DOP',U&'Shortnose spurdog',U&'Aiguillat nez court',U&'Squalus megalops');
INSERT INTO SPECIES (CODE, NAME_EN, NAME_FR, NAME_LATIN) VALUES (U&'ORI',U&'Slender bambooshark',U&'Requin-chabot élégant',U&'Chiloscyllium indicum');
INSERT INTO SPECIES (CODE, NAME_EN, NAME_FR, NAME_LATIN) VALUES (U&'CLD',U&'Sliteye shark',U&'Requin sagrin',U&'Loxodon macrorhinus');
INSERT INTO SPECIES (CODE, NAME_EN, NAME_FR, NAME_LATIN) VALUES (U&'CEM',U&'Smallfin gulper shark',U&'Squale-chagrin cagaou',U&'Centrophorus moluccensis');
INSERT INTO SPECIES (CODE, NAME_EN, NAME_FR, NAME_LATIN) VALUES (U&'SPZ',U&'Smooth hammerhead',U&'Requin marteau commun',U&'Sphyrna zygaena');
INSERT INTO SPECIES (CODE, NAME_EN, NAME_FR, NAME_LATIN) VALUES (U&'SMD',U&'Smooth-hound',U&'Emissole lisse',U&'Mustelus mustelus');
INSERT INTO SPECIES (CODE, NAME_EN, NAME_FR, NAME_LATIN) VALUES (U&'RMO',U&'Smoothtail mobula',U&'Mante à queue lisse',U&'Mobula thurstoni');
INSERT INTO SPECIES (CODE, NAME_EN, NAME_FR, NAME_LATIN) VALUES (U&'RMO',U&'Smoothtail mobula',U&'Mante à queue lisse',U&'Mobula thurstoni');
INSERT INTO SPECIES (CODE, NAME_EN, NAME_FR, NAME_LATIN) VALUES (U&'SLA',U&'Spadenose shark',U&'Requin épée',U&'Scoliodon laticaudus');
INSERT INTO SPECIES (CODE, NAME_EN, NAME_FR, NAME_LATIN) VALUES (U&'RMJ',U&'Spinetail mobula',U&'Mante aiguillat',U&'Mobula japanica');
INSERT INTO SPECIES (CODE, NAME_EN, NAME_FR, NAME_LATIN) VALUES (U&'RMJ',U&'Spinetail mobula',U&'Mante aiguillat',U&'Mobula japanica');
INSERT INTO SPECIES (CODE, NAME_EN, NAME_FR, NAME_LATIN) VALUES (U&'SKPN',U&'Spinner Shark',U&'Requin tisserand',U&'Carcharhinus brevipinna');
INSERT INTO SPECIES (CODE, NAME_EN, NAME_FR, NAME_LATIN) VALUES (U&'CCQ',U&'Spot-tail shark',U&'Requin queue tachet',U&'Carcharhinus sorrah');
INSERT INTO SPECIES (CODE, NAME_EN, NAME_FR, NAME_LATIN) VALUES (U&'ORZ',U&'Tawny nurse shark',U&'Requin nourrice fauve',U&'Nebrius ferrugineus');
INSERT INTO SPECIES (CODE, NAME_EN, NAME_FR, NAME_LATIN) VALUES (U&'GAG',U&'Tope shark',U&'Requin-hâ',U&'Galeorhinus galeus');
INSERT INTO SPECIES (CODE, NAME_EN, NAME_FR, NAME_LATIN) VALUES (U&'SSQ',U&'Velvet dogfish',U&'Squale-grogneur velouté',U&'Zameus squamulosus');
INSERT INTO SPECIES (CODE, NAME_EN, NAME_FR, NAME_LATIN) VALUES (U&'CCD',U&'Whitecheek shark',U&'Requin joues blanches',U&'Carcharhinus dussumieri');
INSERT INTO SPECIES (CODE, NAME_EN, NAME_FR, NAME_LATIN) VALUES (U&'RHA',U&'White-eyed shark',U&'Requin museau pointu',U&'Rhizoprionodon acutus');
INSERT INTO SPECIES (CODE, NAME_EN, NAME_FR, NAME_LATIN) VALUES (U&'TRB',U&'Whitetip reef shark',U&'Requin corail',U&'Triaenodon obesus');
INSERT INTO SPECIES (CODE, NAME_EN, NAME_FR, NAME_LATIN) VALUES (U&'EUB',U&'Winghead shark',U&'Requin-marteau planeur',U&'Eusphyra blochii');
INSERT INTO SPECIES (CODE, NAME_EN, NAME_FR, NAME_LATIN) VALUES (U&'OSF',U&'Zebra shark',U&'Requin zèbre',U&'Stegostoma fasciatum');
INSERT INTO SPECIES (CODE, NAME_EN, NAME_FR, NAME_LATIN) VALUES (U&'CWZ',U&'Carcharhinus sharks nei',U&'Requins Carcharhinus nca',U&'Carcharhinus spp');
INSERT INTO SPECIES (CODE, NAME_EN, NAME_FR, NAME_LATIN) VALUES (U&'FBT',U&'Flatback turtle',U&'Tortue plate',U&'Natator depressus');
INSERT INTO SPECIES (CODE, NAME_EN, NAME_FR, NAME_LATIN) VALUES (U&'TUG',U&'Green turtle',U&'Tortue verte',U&'Chelonia mydas');
INSERT INTO SPECIES (CODE, NAME_EN, NAME_FR, NAME_LATIN) VALUES (U&'TTH',U&'Hawksbill turtle',U&'Tortue caret',U&'Eretmochelys imbricata');
INSERT INTO SPECIES (CODE, NAME_EN, NAME_FR, NAME_LATIN) VALUES (U&'DKK',U&'Leatherback turtle',U&'Tortue luth',U&'Dermochelys coriacea');
INSERT INTO SPECIES (CODE, NAME_EN, NAME_FR, NAME_LATIN) VALUES (U&'TTL',U&'Loggerhead turtle',U&'Caouane',U&'Caretta caretta');
INSERT INTO SPECIES (CODE, NAME_EN, NAME_FR, NAME_LATIN) VALUES (U&'LKV',U&'Olive ridley turtle',U&'Tortue olivâtre',U&'Lepidochelys olivacea');
INSERT INTO SPECIES (CODE, NAME_EN, NAME_FR, NAME_LATIN) VALUES (U&'DAM',U&'Amsterdam Albatross',U&'Albatros d\0027Amsterdam',U&'Diomedea amsterdamensis');
INSERT INTO SPECIES (CODE, NAME_EN, NAME_FR, NAME_LATIN) VALUES (U&'DQS',U&'Antipodean Albatross',U&'Albatros des Antipodes',U&'Diomedea antipodensis');
INSERT INTO SPECIES (CODE, NAME_EN, NAME_FR, NAME_LATIN) VALUES (U&'DCR',U&'Atlantic Yellow-nosed Albatross',U&'Albatros atlantique à nez jaune',U&'Thalassarche chlororhynchos');
INSERT INTO SPECIES (CODE, NAME_EN, NAME_FR, NAME_LATIN) VALUES (U&'DIM',U&'Black-browed Albatross',U&'Albatros à sourcils noirs',U&'Thalassarche melanophrys');
INSERT INTO SPECIES (CODE, NAME_EN, NAME_FR, NAME_LATIN) VALUES (U&'DIB',U&'Buller\0027s Albatross',U&'Albatros de Buller',U&'Thalassarche bulleri');
INSERT INTO SPECIES (CODE, NAME_EN, NAME_FR, NAME_LATIN) VALUES (U&'TQW',U&'Campbell Albatross',U&'Albatros de l\0027île Campbell',U&'Thalassarche impavida');
INSERT INTO SPECIES (CODE, NAME_EN, NAME_FR, NAME_LATIN) VALUES (U&'MWE',U&'Cape Gannet',U&'Fou du Cap',U&'Morus capensis');
INSERT INTO SPECIES (CODE, NAME_EN, NAME_FR, NAME_LATIN) VALUES (U&'DAC',U&'Cape/Pintado petrel',U&'Damier du cap',U&'Daption capense');
INSERT INTO SPECIES (CODE, NAME_EN, NAME_FR, NAME_LATIN) VALUES (U&'DER',U&'Chatham Albatross',U&'Albatros des Chatham',U&'Thalassarche eremite');
INSERT INTO SPECIES (CODE, NAME_EN, NAME_FR, NAME_LATIN) VALUES (U&'PDM',U&'Great-winged petrel',U&'Pétrel noir',U&'Pterodroma macroptera');
INSERT INTO SPECIES (CODE, NAME_EN, NAME_FR, NAME_LATIN) VALUES (U&'PCF',U&'Flesh-footed shearwater',U&'Puffin à pieds pâles',U&'Puffinus carneipes');
INSERT INTO SPECIES (CODE, NAME_EN, NAME_FR, NAME_LATIN) VALUES (U&'DIC',U&'Grey-headed Albatross',U&'Albatros à tête grise',U&'Thalassarche chrysostoma');
INSERT INTO SPECIES (CODE, NAME_EN, NAME_FR, NAME_LATIN) VALUES (U&'TQH',U&'Indian Yellow-nosed Albatross',U&'Albatros indien à nez jaune',U&'Thalassarche carteri');
INSERT INTO SPECIES (CODE, NAME_EN, NAME_FR, NAME_LATIN) VALUES (U&'PCI',U&'Grey petrel',U&'Pétrel gris',U&'Procellaria cinerea');
INSERT INTO SPECIES (CODE, NAME_EN, NAME_FR, NAME_LATIN) VALUES (U&'PHE',U&'Light-mantled Albatross',U&'Albatros fuligineux',U&'Phoebetria palpebrata');
INSERT INTO SPECIES (CODE, NAME_EN, NAME_FR, NAME_LATIN) VALUES (U&'MAH',U&'Northern Giant Petrel',U&'Pétrel de Hall',U&'Macronectes halli');
INSERT INTO SPECIES (CODE, NAME_EN, NAME_FR, NAME_LATIN) VALUES (U&'DIQ',U&'Northern Royal Albatross',U&'Albatros royal du nord',U&'Diomedea sanfordi');
INSERT INTO SPECIES (CODE, NAME_EN, NAME_FR, NAME_LATIN) VALUES (U&'DKS',U&'Salvin\0027s Albatross',U&'Albatros de Salvin',U&'Thalassarche salvini');
INSERT INTO SPECIES (CODE, NAME_EN, NAME_FR, NAME_LATIN) VALUES (U&'PFT',U&'Short-tailed Shearwater',U&'Puffin à bec grêle',U&'Puffinus tenuirostris');
INSERT INTO SPECIES (CODE, NAME_EN, NAME_FR, NAME_LATIN) VALUES (U&'DCU',U&'Shy Albatross',U&'Albatros timide',U&'Thalassarche cauta');
INSERT INTO SPECIES (CODE, NAME_EN, NAME_FR, NAME_LATIN) VALUES (U&'PHU',U&'Sooty Albatross',U&'Albatros brun',U&'Phoebetria fusca');
INSERT INTO SPECIES (CODE, NAME_EN, NAME_FR, NAME_LATIN) VALUES (U&'PFG',U&'Sooty Shearwater',U&'Puffin fuligineux',U&'Puffinus griseus');
INSERT INTO SPECIES (CODE, NAME_EN, NAME_FR, NAME_LATIN) VALUES (U&'MAI',U&'Southern Giant Petrel',U&'Pétrel géant',U&'Macronectes giganteus');
INSERT INTO SPECIES (CODE, NAME_EN, NAME_FR, NAME_LATIN) VALUES (U&'DIP',U&'Southern Royal Albatross',U&'Albatros royal',U&'Diomedea epomophora');
INSERT INTO SPECIES (CODE, NAME_EN, NAME_FR, NAME_LATIN) VALUES (U&'DBN',U&'Tristan Albatross',U&'Albatros de Tristan',U&'Diomedea dabbenena');
INSERT INTO SPECIES (CODE, NAME_EN, NAME_FR, NAME_LATIN) VALUES (U&'DIX',U&'Wandering Albatross',U&'Albatros hurleur',U&'Diomedea exulans');
INSERT INTO SPECIES (CODE, NAME_EN, NAME_FR, NAME_LATIN) VALUES (U&'PCW',U&'Westland Petrel',U&'Pétrel de Westland',U&'Procellaria westlandica');
INSERT INTO SPECIES (CODE, NAME_EN, NAME_FR, NAME_LATIN) VALUES (U&'TWD',U&'White-capped Albatross',U&'Albatros à cape blanche',U&'Thalassarche steadi');
INSERT INTO SPECIES (CODE, NAME_EN, NAME_FR, NAME_LATIN) VALUES (U&'PRO',U&'White-chinned Petrel',U&'Puffin à menton blanc',U&'Procellaria aequinoctialis');
INSERT INTO SPECIES (CODE, NAME_EN, NAME_FR, NAME_LATIN) VALUES (U&'BDW',U&'Andrews\0027 beaked whale',U&'Baleine à bec de Bowdoin',U&'Mesoplodon bowdoini');
INSERT INTO SPECIES (CODE, NAME_EN, NAME_FR, NAME_LATIN) VALUES (U&'BAW',U&'Arnoux\0027s beaked whale',U&'Berardien d\0027Arnoux',U&'Berardius arnuxii');
INSERT INTO SPECIES (CODE, NAME_EN, NAME_FR, NAME_LATIN) VALUES (U&'BBW',U&'Blainville\0027s beaked whale',U&'Baleine à bec de Blainville',U&'Mesoplodon densirostris');
INSERT INTO SPECIES (CODE, NAME_EN, NAME_FR, NAME_LATIN) VALUES (U&'BLW',U&'Blue whale',U&'Rorqual bleu',U&'Balaenoptera musculus');
INSERT INTO SPECIES (CODE, NAME_EN, NAME_FR, NAME_LATIN) VALUES (U&'DBO',U&'Bottlenose dolphin',U&'Grand dauphin',U&'Tursiops truncatus');
INSERT INTO SPECIES (CODE, NAME_EN, NAME_FR, NAME_LATIN) VALUES (U&'BRW',U&'Bryde\0027s whale',U&'Rorqual de Bryde',U&'Balaenoptera edeni');
INSERT INTO SPECIES (CODE, NAME_EN, NAME_FR, NAME_LATIN) VALUES (U&'CMD',U&'Commerson\0027s dolphin',U&'Dauphin de Commerson',U&'Cephalorhynchus commersonii');
INSERT INTO SPECIES (CODE, NAME_EN, NAME_FR, NAME_LATIN) VALUES (U&'DCO',U&'Common dolphin',U&'Dauphin commun',U&'Delphinus delphis');
INSERT INTO SPECIES (CODE, NAME_EN, NAME_FR, NAME_LATIN) VALUES (U&'BCW',U&'Cuvier\0027s beaked whale',U&'Ziphius',U&'Ziphius cavirostris');
INSERT INTO SPECIES (CODE, NAME_EN, NAME_FR, NAME_LATIN) VALUES (U&'DDU',U&'Dusky dolphin',U&'Dauphin sombre',U&'Lagenorhynchus obscurus');
INSERT INTO SPECIES (CODE, NAME_EN, NAME_FR, NAME_LATIN) VALUES (U&'DWW',U&'Dwarf sperm whale',U&'Cachalot nain',U&'Kogia simus');
INSERT INTO SPECIES (CODE, NAME_EN, NAME_FR, NAME_LATIN) VALUES (U&'FAW',U&'False killer whale',U&'Faux-orque',U&'Pseudorca crassidens');
INSERT INTO SPECIES (CODE, NAME_EN, NAME_FR, NAME_LATIN) VALUES (U&'FIW',U&'Fin whale',U&'Rorqual commun',U&'Balaenoptera physalus');
INSERT INTO SPECIES (CODE, NAME_EN, NAME_FR, NAME_LATIN) VALUES (U&'PFI',U&'Finless porpoise',U&'Marsouin aptère',U&'Neophocaena phocaenoides');
INSERT INTO SPECIES (CODE, NAME_EN, NAME_FR, NAME_LATIN) VALUES (U&'FRD',U&'Fraser\0027s dolphin',U&'Dauphin de Fraser',U&'Lagenodelphis hosei');
INSERT INTO SPECIES (CODE, NAME_EN, NAME_FR, NAME_LATIN) VALUES (U&'TGW',U&'Ginkgo-toothed beaked whale',U&'Baleine à bec de Nishiwaki',U&'Mesoplodon ginkgodens');
INSERT INTO SPECIES (CODE, NAME_EN, NAME_FR, NAME_LATIN) VALUES (U&'BYW',U&'Gray\0027s beaked whale',U&'Baleine à bec de Gray',U&'Mesoplodon grayi');
INSERT INTO SPECIES (CODE, NAME_EN, NAME_FR, NAME_LATIN) VALUES (U&'BHW',U&'Hector\0027s beaked whale',U&'Baleine à bec d\0027Hector',U&'Mesoplodon hectori');
INSERT INTO SPECIES (CODE, NAME_EN, NAME_FR, NAME_LATIN) VALUES (U&'HRD',U&'Hourglass dolphin',U&'Dauphin crucigére',U&'Lagenorhynchus cruciger');
INSERT INTO SPECIES (CODE, NAME_EN, NAME_FR, NAME_LATIN) VALUES (U&'HUW',U&'Humpback whale',U&'Baleine à bosse',U&'Megaptera novaeangliae');
INSERT INTO SPECIES (CODE, NAME_EN, NAME_FR, NAME_LATIN) VALUES (U&'DHI',U&'Indo-Pacific hump-backed dolphin',U&'Dauphin à bosse de l\0027Indopacifique',U&'Sousa chinensis');
INSERT INTO SPECIES (CODE, NAME_EN, NAME_FR, NAME_LATIN) VALUES (U&'IRD',U&'Irrawaddy dolphin',U&'Orcelle',U&'Orcaella brevirostris');
INSERT INTO SPECIES (CODE, NAME_EN, NAME_FR, NAME_LATIN) VALUES (U&'KIW',U&'Killer whale',U&'Orque',U&'Orcinus orca');
INSERT INTO SPECIES (CODE, NAME_EN, NAME_FR, NAME_LATIN) VALUES (U&'PIW',U&'Long-finned pilot whale',U&'Globicéphale commun',U&'Globicephala melas');
INSERT INTO SPECIES (CODE, NAME_EN, NAME_FR, NAME_LATIN) VALUES (U&'BNW',U&'Longman\0027s beaked whale',U&'Baleine à bec de Longman',U&'Mesoplodon pacificus');
INSERT INTO SPECIES (CODE, NAME_EN, NAME_FR, NAME_LATIN) VALUES (U&'MIW',U&'Minke whale',U&'Petit rorqual',U&'Balaenoptera acutorostrata');
INSERT INTO SPECIES (CODE, NAME_EN, NAME_FR, NAME_LATIN) VALUES (U&'DPN',U&'Pantropical spotted dolphin',U&'Dauphin tacheté pantropical',U&'Stenella attenuata');
INSERT INTO SPECIES (CODE, NAME_EN, NAME_FR, NAME_LATIN) VALUES (U&'KPW',U&'Pygmy killer whale',U&'Orque pygmée',U&'Feresa attenuata');
INSERT INTO SPECIES (CODE, NAME_EN, NAME_FR, NAME_LATIN) VALUES (U&'CPM',U&'Pygmy right whale',U&'Baleine pygmée',U&'Caperea marginata');
INSERT INTO SPECIES (CODE, NAME_EN, NAME_FR, NAME_LATIN) VALUES (U&'PYW',U&'Pygmy sperm whale',U&'Cachalot pygmée',U&'Kogia breviceps');
INSERT INTO SPECIES (CODE, NAME_EN, NAME_FR, NAME_LATIN) VALUES (U&'DRR',U&'Risso\0027s dolphin',U&'Grampus',U&'Grampus griseus');
INSERT INTO SPECIES (CODE, NAME_EN, NAME_FR, NAME_LATIN) VALUES (U&'RTD',U&'Rough-toothed dolphin',U&'Sténo',U&'Steno bredanensis');
INSERT INTO SPECIES (CODE, NAME_EN, NAME_FR, NAME_LATIN) VALUES (U&'BSW',U&'Sherpherd\0027s beaked whale',U&'Tasmacète',U&'Tasmacetus shepherdi');
INSERT INTO SPECIES (CODE, NAME_EN, NAME_FR, NAME_LATIN) VALUES (U&'SHW',U&'Short-finned pilot whale',U&'Globicéphale tropical',U&'Globicephala macrorhynchus');
INSERT INTO SPECIES (CODE, NAME_EN, NAME_FR, NAME_LATIN) VALUES (U&'SRW',U&'Southern bottlenose whale',U&'Hyperoodon austral',U&'Hyperoodon planifrons');
INSERT INTO SPECIES (CODE, NAME_EN, NAME_FR, NAME_LATIN) VALUES (U&'EUA',U&'Southern right whale',U&'Baleine australe',U&'Eubalaena australis');
INSERT INTO SPECIES (CODE, NAME_EN, NAME_FR, NAME_LATIN) VALUES (U&'RSW',U&'Southern right whale dolphin',U&'Dauphin aptère austral',U&'Lissodelphis peronii');
INSERT INTO SPECIES (CODE, NAME_EN, NAME_FR, NAME_LATIN) VALUES (U&'SPP',U&'Spectacled porpoise',U&'Marsouin de Lahille',U&'Australophocaena dioptrica');
INSERT INTO SPECIES (CODE, NAME_EN, NAME_FR, NAME_LATIN) VALUES (U&'SPW',U&'Sperm whale',U&'Cachalot',U&'Physeter catodon');
INSERT INTO SPECIES (CODE, NAME_EN, NAME_FR, NAME_LATIN) VALUES (U&'DSI',U&'Spinner dolphin',U&'Dauphin longirostre',U&'Stenella longirostris');
INSERT INTO SPECIES (CODE, NAME_EN, NAME_FR, NAME_LATIN) VALUES (U&'TSW',U&'Strap-toothed whale',U&'Baleine à bec de Layard',U&'Mesoplodon layardii');
INSERT INTO SPECIES (CODE, NAME_EN, NAME_FR, NAME_LATIN) VALUES (U&'DST',U&'Striped dolphin',U&'Dauphin bleu et blanc',U&'Stenella coeruleoalba');
INSERT INTO SPECIES (CODE, NAME_EN, NAME_FR, NAME_LATIN) VALUES (U&'SQU',U&'Various squids nei',U&'Calmars, encornets nca',U&'Loliginidae, Ommastrephidae');
INSERT INTO SPECIES (CODE, NAME_EN, NAME_FR, NAME_LATIN) VALUES (U&'CLP',U&'Herrings, sardines nei',U&'Harengs, sardines nca',U&'Clupeidae');
INSERT INTO SPECIES (CODE, NAME_EN, NAME_FR, NAME_LATIN) VALUES (U&'MAX',U&'Mackerels nei',U&'Maquereaux nca',U&'Scombridae');
INSERT INTO SPECIES (CODE, NAME_EN, NAME_FR, NAME_LATIN) VALUES (U&'RSA',U&'Japanese scad',U&'Comète japonaise',U&'Decapterus maruadsi');
INSERT INTO SPECIES (CODE, NAME_EN, NAME_FR, NAME_LATIN) VALUES (U&'BSH',U&'Blue shark',U&'Peau bleue',U&'Prionace glauca');
INSERT INTO SPECIES (CODE, NAME_EN, NAME_FR, NAME_LATIN) VALUES (U&'SAX',U&'Sauries nei',U&'Balaous, bananes de mer nca',U&'Scomberesocidae');
INSERT INTO SPECIES (CODE, NAME_EN, NAME_FR, NAME_LATIN) VALUES (U&'JAX',U&'Jack and horse mackerels nei',U&'Chinchards noirs nca',U&'Trachurus spp');
INSERT INTO SPECIES (CODE, NAME_EN, NAME_FR, NAME_LATIN) VALUES (U&'RAG',U&'Indian mackerel',U&'Maquereau des Indes',U&'Rastrelliger kanagurta');
INSERT INTO SPECIES (CODE, NAME_EN, NAME_FR, NAME_LATIN) VALUES (U&'MSB',U&'River sardine',NULL,U&'Mesobola brevianalis');
INSERT INTO SPECIES (CODE, NAME_EN, NAME_FR, NAME_LATIN) VALUES (U&'CHP',U&'South American pilchard',U&'Pilchard sudaméricain',U&'Sardinops sagax');
INSERT INTO SPECIES (CODE, NAME_EN, NAME_FR, NAME_LATIN) VALUES (U&'OMZ',U&'Squids nei',U&'Encornets nca',U&'Ommastrephidae');
INSERT INTO SPECIES (CODE, NAME_EN, NAME_FR, NAME_LATIN) VALUES (U&'MIL',U&'Milkfish',U&'Chano',U&'Chanos chanos');
INSERT INTO SPECIES (CODE, NAME_EN, NAME_FR, NAME_LATIN) VALUES (U&'BSR',U&'Brazilian sardinella',U&'Sardinelle de Brésil',U&'Sardinella brasiliensis');
INSERT INTO SPECIES (CODE, NAME_EN, NAME_FR, NAME_LATIN) VALUES (U&'ENR',U&'Anchovies nei',U&'Anchois nca',U&'Engraulis spp');
INSERT INTO SPECIES (CODE, NAME_EN, NAME_FR, NAME_LATIN) VALUES (U&'JAN',U&'Japanese anchovy',U&'Anchois japonais',U&'Engraulis japonicus');
INSERT INTO SPECIES (CODE, NAME_EN, NAME_FR, NAME_LATIN) VALUES (U&'SRH',U&'Silver-stripe round herring',U&'Hareng gracile',U&'Spratelloides gracilis');
INSERT INTO SPECIES (CODE, NAME_EN, NAME_FR, NAME_LATIN) VALUES (U&'PIL',U&'European pilchard(=Sardine)',U&'Sardine commune',U&'Sardina pilchardus');
INSERT INTO SPECIES (CODE, NAME_EN, NAME_FR, NAME_LATIN) VALUES (U&'JAA',U&'Blue jack mackerel',U&'Chinchard du large',U&'Trachurus picturatus');
INSERT INTO SPECIES (CODE, NAME_EN, NAME_FR, NAME_LATIN) VALUES (U&'SAA',U&'Round sardinella',U&'Allache',U&'Sardinella aurita');
INSERT INTO SPECIES (CODE, NAME_EN, NAME_FR, NAME_LATIN) VALUES (U&'SAE',U&'Madeiran sardinella',U&'Grande allache',U&'Sardinella maderensis');
INSERT INTO SPECIES (CODE, NAME_EN, NAME_FR, NAME_LATIN) VALUES (U&'MAC',U&'Atlantic mackerel',U&'Maquereau commun',U&'Scomber scombrus');
INSERT INTO SPECIES (CODE, NAME_EN, NAME_FR, NAME_LATIN) VALUES (U&'CJX',U&'Fusiliers nei',U&'Fusiliers nca',U&'Caesionidae');
INSERT INTO SPECIES (CODE, NAME_EN, NAME_FR, NAME_LATIN) VALUES (U&'APO',U&'Cardinal fishes, etc. nei',U&'Apogonidés nca',U&'Apogonidae');
INSERT INTO SPECIES (CODE, NAME_EN, NAME_FR, NAME_LATIN) VALUES (U&'SPD',U&'Delicate round herring',U&'Hareng rond',U&'Spratelloides delicatulus');
INSERT INTO SPECIES (CODE, NAME_EN, NAME_FR, NAME_LATIN) VALUES (U&'SIL',U&'Silversides (sand smelts) nei',U&'Athérinidés nca',U&'Atherinidae');
INSERT INTO SPECIES (CODE, NAME_EN, NAME_FR, NAME_LATIN) VALUES (U&'BOG',U&'Bogue',U&'Bogue',U&'Boops boops');
INSERT INTO SPECIES (CODE, NAME_EN, NAME_FR, NAME_LATIN) VALUES (U&'BOC',U&'Boarfish',U&'Sanglier',U&'Capros aper');
INSERT INTO SPECIES (CODE, NAME_EN, NAME_FR, NAME_LATIN) VALUES (U&'SNS',U&'Longspine snipefish',U&'Bécasse de mer',U&'Macroramphosus scolopax');
INSERT INTO SPECIES (CODE, NAME_EN, NAME_FR, NAME_LATIN) VALUES (U&'MAS',U&'Chub mackerel',U&'Maquereau espagnol',U&'Scomber japonicus');
INSERT INTO SPECIES (CODE, NAME_EN, NAME_FR, NAME_LATIN) VALUES (U&'MSD',U&'Mackerel scad',U&'Comète maquereau',U&'Decapterus macarellus');
INSERT INTO SPECIES (CODE, NAME_EN, NAME_FR, NAME_LATIN) VALUES (U&'BIS',U&'Bigeye scad',U&'Sélar coulisou',U&'Selar crumenophthalmus');
INSERT INTO SPECIES (CODE, NAME_EN, NAME_FR, NAME_LATIN) VALUES (U&'SAP',U&'Pacific saury',U&'Balaou du Japon',U&'Cololabis saira');

INSERT INTO VESSELTYPE (CODE, NAME_EN, NAME_FR) VALUES (U&'PSEU',U&'European type industrial purse seiner',U&'Senneur industriel type européen');
INSERT INTO VESSELTYPE (CODE, NAME_EN, NAME_FR) VALUES (U&'PSUS',U&'American type industrial purse seiner',U&'Senneur industriel type américain');
INSERT INTO VESSELTYPE (CODE, NAME_EN, NAME_FR) VALUES (U&'PSAS',U&'Asian type industrial purse seiner',U&'Senneur industriel type asiatique');
INSERT INTO VESSELTYPE (CODE, NAME_EN, NAME_FR) VALUES (U&'PSWD',U&'Wooden coastal purse seiner (small pelagics)',U&'Senneur côtier en bois (petits pélagiques)');
INSERT INTO VESSELTYPE (CODE, NAME_EN, NAME_FR) VALUES (U&'PSFG',U&'Fiberglass coastal purse seiner (small pelagics)',U&'Senneur côtier en polyester (petits pélagiques)');
INSERT INTO VESSELTYPE (CODE, NAME_EN, NAME_FR) VALUES (U&'LLAS',U&'Asian type steel tuna longliner',U&'Palangrier en acier type asiatique');
INSERT INTO VESSELTYPE (CODE, NAME_EN, NAME_FR) VALUES (U&'LLAF',U&'Asian type fiberglass tuna longliner',U&'Palangrier en polyester type asiatique');
INSERT INTO VESSELTYPE (CODE, NAME_EN, NAME_FR) VALUES (U&'LLAW',U&'Asian type wooden tuna longliner',U&'Palangrier en bois type asiatique');
INSERT INTO VESSELTYPE (CODE, NAME_EN, NAME_FR) VALUES (U&'LLES',U&'European type steel swordfish longliner',U&'Palangrier en acier type européen');
INSERT INTO VESSELTYPE (CODE, NAME_EN, NAME_FR) VALUES (U&'PLES',U&'European type steel baitboat',U&'Canneur en acier type européen');
INSERT INTO VESSELTYPE (CODE, NAME_EN, NAME_FR) VALUES (U&'PLAW',U&'Asian type wooden baitboat',U&'Canneur en bois type asiatique');
INSERT INTO VESSELTYPE (CODE, NAME_EN, NAME_FR) VALUES (U&'MASD',U&'Maldivian Masdhoani',U&'Masdhoani maldivien');
INSERT INTO VESSELTYPE (CODE, NAME_EN, NAME_FR) VALUES (U&'VADH',U&'Maldivian Vadhu',U&'Vadhu maldivien');
INSERT INTO VESSELTYPE (CODE, NAME_EN, NAME_FR) VALUES (U&'DHOW',U&'Arabian Dhow',U&'Dhow arabe');
INSERT INTO VESSELTYPE (CODE, NAME_EN, NAME_FR) VALUES (U&'PIRG',U&'Pirogue',U&'Pirogue');
INSERT INTO VESSELTYPE (CODE, NAME_EN, NAME_FR) VALUES (U&'OCAN',U&'Outrigger-Canoe (Madagascar)',U&'Tangon-Canoë (Madagascar)');
INSERT INTO VESSELTYPE (CODE, NAME_EN, NAME_FR) VALUES (U&'LAUN',U&'Launch',U&'Chaloupe');
INSERT INTO VESSELTYPE (CODE, NAME_EN, NAME_FR) VALUES (U&'RWBO',U&'Rowboat',U&'Bateau à rames');
INSERT INTO VESSELTYPE (CODE, NAME_EN, NAME_FR) VALUES (U&'SCHO',U&'Seychelles Schooner',U&'Schooner seychellois');
INSERT INTO VESSELTYPE (CODE, NAME_EN, NAME_FR) VALUES (U&'WHAL',U&'Seychelles Whaler',U&'Whaler seychellois');
INSERT INTO VESSELTYPE (CODE, NAME_EN, NAME_FR) VALUES (U&'BARQ',U&'Barque (Reunion, Comoros)',U&'Barque (Réunion, Comores)');
INSERT INTO VESSELTYPE (CODE, NAME_EN, NAME_FR) VALUES (U&'VEDT',U&'Vedette (Reunion, Comoros)',U&'Vedette (Réunion, Comores)');
INSERT INTO VESSELTYPE (CODE, NAME_EN, NAME_FR) VALUES (U&'SPOR',U&'Sport boat',U&'Bateau sportif');
INSERT INTO VESSELTYPE (CODE, NAME_EN, NAME_FR) VALUES (U&'MLIN',U&'Australian minor liner',U&'Minor liner australien');
INSERT INTO VESSELTYPE (CODE, NAME_EN, NAME_FR) VALUES (U&'DLIN',U&'Australian drop liner',U&'Drop liner australien');
INSERT INTO VESSELTYPE (CODE, NAME_EN, NAME_FR) VALUES (U&'MULT',U&'Fiberglass multipurpose',U&'Bateau polyvalent en polyester');
INSERT INTO VESSELTYPE (CODE, NAME_EN, NAME_FR) VALUES (U&'SUPP',U&'Support vessel industrial purse seine',U&'Bateau auxiliaire senneurs industriels');
INSERT INTO VESSELTYPE (CODE, NAME_EN, NAME_FR) VALUES (U&'SHAS',U&'Yemeni Shasha',U&'Shasha yéménite');
INSERT INTO VESSELTYPE (CODE, NAME_EN, NAME_FR) VALUES (U&'TRSS',U&'Steel stern trawler',U&'Chalutier pêche arrière en acier');
INSERT INTO VESSELTYPE (CODE, NAME_EN, NAME_FR) VALUES (U&'TRSW',U&'Wooden stern trawler',U&'Chalutier pêche arrière en bois');
INSERT INTO VESSELTYPE (CODE, NAME_EN, NAME_FR) VALUES (U&'TRSF',U&'Fiberglass stern trawler',U&'Chalutier pêche arrière en polyester');

INSERT INTO ONBOARDSTORAGE (CODE, NAME_EN, NAME_FR) VALUES (U&'NO',U&'None',U&'Aucun');
INSERT INTO ONBOARDSTORAGE (CODE, NAME_EN, NAME_FR) VALUES (U&'ST',U&'Salt',U&'Sel');
INSERT INTO ONBOARDSTORAGE (CODE, NAME_EN, NAME_FR) VALUES (U&'DR',U&'Dried',U&'Séché');
INSERT INTO ONBOARDSTORAGE (CODE, NAME_EN, NAME_FR) VALUES (U&'SM',U&'Smoked',U&'Fumé');
INSERT INTO ONBOARDSTORAGE (CODE, NAME_EN, NAME_FR) VALUES (U&'IC',U&'Ice',U&'Glace');
INSERT INTO ONBOARDSTORAGE (CODE, NAME_EN, NAME_FR) VALUES (U&'CWS',U&'Chilled with Sea Water (higher temp than refrigerated sea water)',U&'Eau de mer refroidie');
INSERT INTO ONBOARDSTORAGE (CODE, NAME_EN, NAME_FR) VALUES (U&'RW',U&'Refrigerated sea water',U&'Eau de mer réfrigérée');
INSERT INTO ONBOARDSTORAGE (CODE, NAME_EN, NAME_FR) VALUES (U&'BR',U&'Refrigerated brine (cooler than RW)',U&'Saumure réfrigérée');
INSERT INTO ONBOARDSTORAGE (CODE, NAME_EN, NAME_FR) VALUES (U&'FR',U&'Cold storage between 0 and -30 degrees',U&'Chambre froide entre 0 et -30 degrés');
INSERT INTO ONBOARDSTORAGE (CODE, NAME_EN, NAME_FR) VALUES (U&'DF',U&'Cold storage below -30 degrees',U&'Chambre froide en-dessous de -30 degrés');

INSERT INTO ELECTRONICEQUIPMENT (CODE, NAME_EN, NAME_FR) VALUES (U&'AE',U&'Acoustic equipment',NULL);
INSERT INTO ELECTRONICEQUIPMENT (CODE, NAME_EN, NAME_FR) VALUES (U&'PFE',U&'Position fixing equipment',NULL);
INSERT INTO ELECTRONICEQUIPMENT (CODE, NAME_EN, NAME_FR) VALUES (U&'VMS',U&'Vessel Monitoring System',NULL);
INSERT INTO ELECTRONICEQUIPMENT (CODE, NAME_EN, NAME_FR) VALUES (U&'RAD',U&'Radars',NULL);
INSERT INTO ELECTRONICEQUIPMENT (CODE, NAME_EN, NAME_FR) VALUES (U&'CEQ',U&'Communications equipment',NULL);
INSERT INTO ELECTRONICEQUIPMENT (CODE, NAME_EN, NAME_FR) VALUES (U&'PLO',U&'Plotters',NULL);

INSERT INTO GEARTYPES (CODE, OPERATION, NAME_EN, NAME_FR) VALUES (U&'BS',U&'Artisanal',U&'Beach seine',U&'Senne de plage');
INSERT INTO GEARTYPES (CODE, OPERATION, NAME_EN, NAME_FR) VALUES (U&'CN',U&'Artisanal',U&'Cast net',U&'Épervier');
INSERT INTO GEARTYPES (CODE, OPERATION, NAME_EN, NAME_FR) VALUES (U&'DS',U&'Artisanal',U&'Danish seine',U&'Senne danoise');
INSERT INTO GEARTYPES (CODE, OPERATION, NAME_EN, NAME_FR) VALUES (U&'DSD',U&'Artisanal',U&'Demersal Danish seine',U&'Senne danoise démersale ');
INSERT INTO GEARTYPES (CODE, OPERATION, NAME_EN, NAME_FR) VALUES (U&'GI',U&'Artisanal',U&'Gillnet',U&'Filet maillant');
INSERT INTO GEARTYPES (CODE, OPERATION, NAME_EN, NAME_FR) VALUES (U&'GIDR',U&'Industrial',U&'Driftnet',U&'Filet dérivant');
INSERT INTO GEARTYPES (CODE, OPERATION, NAME_EN, NAME_FR) VALUES (U&'GIOF',U&'Semi-industrial',U&'Offshore gillnet',U&'Filet maillant hauturier');
INSERT INTO GEARTYPES (CODE, OPERATION, NAME_EN, NAME_FR) VALUES (U&'HL',U&'Artisanal',U&'Handline',U&'Ligne à main');
INSERT INTO GEARTYPES (CODE, OPERATION, NAME_EN, NAME_FR) VALUES (U&'HLPA',U&'Artisanal',U&'Handline on anchored-FAD',U&'Ligne à main sous épave ancrée');
INSERT INTO GEARTYPES (CODE, OPERATION, NAME_EN, NAME_FR) VALUES (U&'DL',U&'Artisanal',U&'Dropline (vertical handline)',U&'Ligne à main vertical');
INSERT INTO GEARTYPES (CODE, OPERATION, NAME_EN, NAME_FR) VALUES (U&'DLLS',U&'Artisanal',U&'Dropline on anchored-FAD',U&'Ligne à main vertical sous épave ancrée');
INSERT INTO GEARTYPES (CODE, OPERATION, NAME_EN, NAME_FR) VALUES (U&'HR',U&'Artisanal',U&'Harpoon',U&'Harpon');
INSERT INTO GEARTYPES (CODE, OPERATION, NAME_EN, NAME_FR) VALUES (U&'LL',U&'Industrial',U&'Drifting longline (over 1800 hooks)',U&'Palangre dérivante (au-dessus de 1800 hameçons)');
INSERT INTO GEARTYPES (CODE, OPERATION, NAME_EN, NAME_FR) VALUES (U&'LLCO',U&'Artisanal',U&'Small longline',U&'Petite palangre');
INSERT INTO GEARTYPES (CODE, OPERATION, NAME_EN, NAME_FR) VALUES (U&'LLEX',U&'Industrial',U&'Drifting longline (exploratory)',U&'Palangre dérivante (prospection)');
INSERT INTO GEARTYPES (CODE, OPERATION, NAME_EN, NAME_FR) VALUES (U&'LLFR',U&'Industrial',U&'Drifting longline (up to 1800 hooks)',U&'Palangre dérivante (jusqu\0027au 1800 hameçons)');
INSERT INTO GEARTYPES (CODE, OPERATION, NAME_EN, NAME_FR) VALUES (U&'LLGI',U&'Semi-industrial',U&'Gillnet/longline',U&'Filet maillant/palangre');
INSERT INTO GEARTYPES (CODE, OPERATION, NAME_EN, NAME_FR) VALUES (U&'LLSI',U&'Semi-industrial',U&'Swordfish longline (semi-industrial)',U&'Palangre à espadon (semi-industrielle)');
INSERT INTO GEARTYPES (CODE, OPERATION, NAME_EN, NAME_FR) VALUES (U&'LLSK',U&'Industrial',U&'Shark longline',U&'Palangre à requins');
INSERT INTO GEARTYPES (CODE, OPERATION, NAME_EN, NAME_FR) VALUES (U&'LLSW',U&'Industrial',U&'Swordfish longline (Florida longline)',U&'Palangre à espadon (palangre Florida)');
INSERT INTO GEARTYPES (CODE, OPERATION, NAME_EN, NAME_FR) VALUES (U&'LLTU',U&'Industrial',U&'Tuna longline',U&'Palangre à thons');
INSERT INTO GEARTYPES (CODE, OPERATION, NAME_EN, NAME_FR) VALUES (U&'LN',U&'Artisanal',U&'Liftnet',U&'Carrelet');
INSERT INTO GEARTYPES (CODE, OPERATION, NAME_EN, NAME_FR) VALUES (U&'LNPA',U&'Artisanal',U&'Liftnet on anchored-FAD',U&'Carrelet sous épave ancrée');
INSERT INTO GEARTYPES (CODE, OPERATION, NAME_EN, NAME_FR) VALUES (U&'PL',U&'Artisanal',U&'Pole and line',U&'Pêche à la Canne');
INSERT INTO GEARTYPES (CODE, OPERATION, NAME_EN, NAME_FR) VALUES (U&'PLIN',U&'Industrial',U&'Industrial pole and line',U&'Pêche à la canne industriel');
INSERT INTO GEARTYPES (CODE, OPERATION, NAME_EN, NAME_FR) VALUES (U&'PLPA',U&'Artisanal',U&'Pole-and-line on anchored-FAD',U&'Pêche à la canne sous épave ancrée');
INSERT INTO GEARTYPES (CODE, OPERATION, NAME_EN, NAME_FR) VALUES (U&'PLFS',U&'Artisanal',U&'Free-school pole-and-line',U&'Pêche à la canne banc libres à thons');
INSERT INTO GEARTYPES (CODE, OPERATION, NAME_EN, NAME_FR) VALUES (U&'PLDF',U&'Artisanal',U&'Dolphin associated school pole-and-line',U&'Pêche à la canne à thons associés avec des dauphins');
INSERT INTO GEARTYPES (CODE, OPERATION, NAME_EN, NAME_FR) VALUES (U&'PLME',U&'Artisanal',U&'Pole and line (mechanized boats)',U&'Pêche à la canne (bateaux motorisés)');
INSERT INTO GEARTYPES (CODE, OPERATION, NAME_EN, NAME_FR) VALUES (U&'PLNM',U&'Artisanal',U&'Pole and line (non-mechanized boats)',U&'Pêche à la canne (bateaux non-motorisés)');
INSERT INTO GEARTYPES (CODE, OPERATION, NAME_EN, NAME_FR) VALUES (U&'PLOF',U&'Semi-industrial',U&'Offshore pole and line',U&'Pêche à la canne (bateaux hauturiers)');
INSERT INTO GEARTYPES (CODE, OPERATION, NAME_EN, NAME_FR) VALUES (U&'PS',U&'Industrial',U&'Tuna purse seine',U&'Senne tournante industrielle à thons');
INSERT INTO GEARTYPES (CODE, OPERATION, NAME_EN, NAME_FR) VALUES (U&'PSFS',U&'Industrial',U&'Free-school tuna purse seine',U&'Senne tournante banc libres à thons');
INSERT INTO GEARTYPES (CODE, OPERATION, NAME_EN, NAME_FR) VALUES (U&'PSLS',U&'Industrial',U&'Log-school tuna purse seine',U&'Senne tournante à thons sous épave');
INSERT INTO GEARTYPES (CODE, OPERATION, NAME_EN, NAME_FR) VALUES (U&'PSSA',U&'Semi-industrial',U&'Coastal purse seine on anchored-FAD',U&'Senne tournante côtière sous épave ancrée');
INSERT INTO GEARTYPES (CODE, OPERATION, NAME_EN, NAME_FR) VALUES (U&'PSSF',U&'Semi-industrial',U&'Free-school coastal purse seine',U&'Senne tournante côtière banc libres à thons');
INSERT INTO GEARTYPES (CODE, OPERATION, NAME_EN, NAME_FR) VALUES (U&'PSRN',U&'Artisanal',U&'Ringnet',U&'Filet tournant');
INSERT INTO GEARTYPES (CODE, OPERATION, NAME_EN, NAME_FR) VALUES (U&'PSRP',U&'Artisanal',U&'Ringnet with anchored-FAD',U&'Filet tournant sous épave ancrée');
INSERT INTO GEARTYPES (CODE, OPERATION, NAME_EN, NAME_FR) VALUES (U&'PSSP',U&'Industrial',U&'Support vessel industrial purse seiner',U&'Bateau auxiliaire, senneur industriel');
INSERT INTO GEARTYPES (CODE, OPERATION, NAME_EN, NAME_FR) VALUES (U&'PSSS',U&'Semi-industrial',U&'Small purse seines',U&'Petites sennes tournantes');
INSERT INTO GEARTYPES (CODE, OPERATION, NAME_EN, NAME_FR) VALUES (U&'SN',U&'Artisanal',U&'Setnet',U&'Filet calé');
INSERT INTO GEARTYPES (CODE, OPERATION, NAME_EN, NAME_FR) VALUES (U&'SP',U&'Artisanal',U&'Sport fishing',U&'Pêche sportive');
INSERT INTO GEARTYPES (CODE, OPERATION, NAME_EN, NAME_FR) VALUES (U&'TL',U&'Artisanal',U&'Trolling',U&'Pêche à la traine');
INSERT INTO GEARTYPES (CODE, OPERATION, NAME_EN, NAME_FR) VALUES (U&'TLME',U&'Artisanal',U&'Trolling (mechanized boats)',U&'Pêche à la traine (bateaux motorisés)');
INSERT INTO GEARTYPES (CODE, OPERATION, NAME_EN, NAME_FR) VALUES (U&'TLNM',U&'Artisanal',U&'Trolling (non-mechanized boats)',U&'Pêche à la traine (bateaux non-motorisés)');
INSERT INTO GEARTYPES (CODE, OPERATION, NAME_EN, NAME_FR) VALUES (U&'TP',U&'Artisanal',U&'Trap',U&'Madragues');
INSERT INTO GEARTYPES (CODE, OPERATION, NAME_EN, NAME_FR) VALUES (U&'TR',U&'Semi-industrial',U&'Trawl',U&'Chaluts');

INSERT INTO GILLNETMATERIAL (CODE, NAME_EN, NAME_FR) VALUES (U&'MO',U&'Monofilament',U&'Monofilament');
INSERT INTO GILLNETMATERIAL (CODE, NAME_EN, NAME_FR) VALUES (U&'MU',U&'Multifilament',U&'Multifilament');

INSERT INTO LINEMATERIAL (CODE, NAME_EN, NAME_FR) VALUES (U&'MNL',U&'Monofilament line',U&'Ligne monofilament');
INSERT INTO LINEMATERIAL (CODE, NAME_EN, NAME_FR) VALUES (U&'GLW',U&'Galvanized wire',U&'Câble galvanisé');
INSERT INTO LINEMATERIAL (CODE, NAME_EN, NAME_FR) VALUES (U&'SSW',U&'Stainless steel wire',U&'Câble en acier inoxydable');
INSERT INTO LINEMATERIAL (CODE, NAME_EN, NAME_FR) VALUES (U&'TR3',U&'3 strand tarred rope (red or black)',U&'Cordage goudronné à trois torons (rouge ou noir)');
INSERT INTO LINEMATERIAL (CODE, NAME_EN, NAME_FR) VALUES (U&'BRL',U&'Braided line',U&'Cordage tressé');
INSERT INTO LINEMATERIAL (CODE, NAME_EN, NAME_FR) VALUES (U&'SKW',U&'Sekiyama wire',U&'Fil Sekiyama');

INSERT INTO HOOKS (CODE, NAME_EN, NAME_FR) VALUES (U&'C11',U&'Circle hooks 11/0',U&'Hameçons autoferrants 11/0');
INSERT INTO HOOKS (CODE, NAME_EN, NAME_FR) VALUES (U&'C12',U&'Circle hooks 12/0',U&'Hameçons autoferrants 12/0');
INSERT INTO HOOKS (CODE, NAME_EN, NAME_FR) VALUES (U&'C13',U&'Circle hooks 13/0',U&'Hameçons autoferrants 13/0');
INSERT INTO HOOKS (CODE, NAME_EN, NAME_FR) VALUES (U&'C14',U&'Circle hooks 14/0',U&'Hameçons autoferrants 14/0');
INSERT INTO HOOKS (CODE, NAME_EN, NAME_FR) VALUES (U&'C15',U&'Circle hooks 15/0',U&'Hameçons autoferrants 15/0');
INSERT INTO HOOKS (CODE, NAME_EN, NAME_FR) VALUES (U&'C16',U&'Circle hooks 16/0',U&'Hameçons autoferrants 16/0');
INSERT INTO HOOKS (CODE, NAME_EN, NAME_FR) VALUES (U&'C18',U&'Circle hooks 18/0',U&'Hameçons autoferrants 18/0');
INSERT INTO HOOKS (CODE, NAME_EN, NAME_FR) VALUES (U&'H32',U&'Japan tuna hooks 3.2',U&'Hameçons à thons Japonais 3.2');
INSERT INTO HOOKS (CODE, NAME_EN, NAME_FR) VALUES (U&'H34',U&'Japan tuna hooks 3.4',U&'Hameçons à thons Japonais 3.4');
INSERT INTO HOOKS (CODE, NAME_EN, NAME_FR) VALUES (U&'H36',U&'Japan tuna hooks 3.6',U&'Hameçons à thons Japonais 3.6');
INSERT INTO HOOKS (CODE, NAME_EN, NAME_FR) VALUES (U&'H38',U&'Japan tuna hooks 3.8',U&'Hameçons à thons Japonais 3.8');
INSERT INTO HOOKS (CODE, NAME_EN, NAME_FR) VALUES (U&'H40',U&'Japan tuna hooks 4.0',U&'Hameçons à thons Japonais 4.0');
INSERT INTO HOOKS (CODE, NAME_EN, NAME_FR) VALUES (U&'H42',U&'Japan tuna hooks 4.2',U&'Hameçons à thons Japonais 4.2');
INSERT INTO HOOKS (CODE, NAME_EN, NAME_FR) VALUES (U&'J08',U&'J Hooks 8/0',U&'Hameçons en J 8/0');
INSERT INTO HOOKS (CODE, NAME_EN, NAME_FR) VALUES (U&'J09',U&'J Hooks 9/0',U&'Hameçons en J 9/0');
INSERT INTO HOOKS (CODE, NAME_EN, NAME_FR) VALUES (U&'J10',U&'J Hooks 10/0',U&'Hameçons en J 10/0');
INSERT INTO HOOKS (CODE, NAME_EN, NAME_FR) VALUES (U&'J12',U&'J Hooks 12/0',U&'Hameçons en J 12/0');
INSERT INTO HOOKS (CODE, NAME_EN, NAME_FR) VALUES (U&'S01',U&'Spanish hooks 1',U&'Hameçons Espagnols 1');
INSERT INTO HOOKS (CODE, NAME_EN, NAME_FR) VALUES (U&'S02',U&'Spanish hooks 2',U&'Hameçons Espagnols 2');
INSERT INTO HOOKS (CODE, NAME_EN, NAME_FR) VALUES (U&'S03',U&'Spanish hooks 3',U&'Hameçons Espagnols 3');
INSERT INTO HOOKS (CODE, NAME_EN, NAME_FR) VALUES (U&'S04',U&'Spanish hooks 4',U&'Hameçons Espagnols 4');
INSERT INTO HOOKS (CODE, NAME_EN, NAME_FR) VALUES (U&'T32',U&'Teracima hooks 3.2 sun',U&'Hameçons Teracima 3.2 sun');
INSERT INTO HOOKS (CODE, NAME_EN, NAME_FR) VALUES (U&'T34',U&'Teracima hooks 3.4 sun',U&'Hameçons Teracima 3.4 sun');
INSERT INTO HOOKS (CODE, NAME_EN, NAME_FR) VALUES (U&'T36',U&'Teracima hooks 3.6 sun',U&'Hameçons Teracima 3.6 sun');
INSERT INTO HOOKS (CODE, NAME_EN, NAME_FR) VALUES (U&'T38',U&'Teracima hooks 3.8 sun',U&'Hameçons Teracima 3.8 sun');

INSERT INTO ACTIVITYCODES (CODE, NAME_EN) VALUES (U&'PO',U&'In port (for refuelling, loading goods, dropping or taking crew & scientists)');
INSERT INTO ACTIVITYCODES (CODE, NAME_EN) VALUES (U&'BA',U&'Anchored for bait fishing or searching for bait (during the day or during the night) or drifting at night with lights to attract bait');
INSERT INTO ACTIVITYCODES (CODE, NAME_EN) VALUES (U&'BF',U&'Bait fishing at night or during the day (the net is set or launched)');
INSERT INTO ACTIVITYCODES (CODE, NAME_EN) VALUES (U&'SD',U&'Steaming during the day');
INSERT INTO ACTIVITYCODES (CODE, NAME_EN) VALUES (U&'SN',U&'Steaming at night');
INSERT INTO ACTIVITYCODES (CODE, NAME_EN) VALUES (U&'SS',U&'Searching with a school associated with the vessel');
INSERT INTO ACTIVITYCODES (CODE, NAME_EN) VALUES (U&'SE',U&'Searching for tuna schools, logs or FADs');
INSERT INTO ACTIVITYCODES (CODE, NAME_EN) VALUES (U&'CH',U&'Chasing a tuna school (chumming can be part of this activity)');
INSERT INTO ACTIVITYCODES (CODE, NAME_EN) VALUES (U&'FI',U&'Fishing target species');
INSERT INTO ACTIVITYCODES (CODE, NAME_EN) VALUES (U&'DR',U&'Drifting (reason not specified)');
INSERT INTO ACTIVITYCODES (CODE, NAME_EN) VALUES (U&'DS',U&'Drifting during the day with a tuna school');
INSERT INTO ACTIVITYCODES (CODE, NAME_EN) VALUES (U&'DL',U&'Drifting during the day near a log or a FAD');
INSERT INTO ACTIVITYCODES (CODE, NAME_EN) VALUES (U&'DG',U&'Drifting or steaming at night with lights to gather tuna and/or with an associated school');
INSERT INTO ACTIVITYCODES (CODE, NAME_EN) VALUES (U&'DW',U&'Drifting because of bad weather');
INSERT INTO ACTIVITYCODES (CODE, NAME_EN) VALUES (U&'DT',U&'Drifting or at anchor or in port because of engine or other mechanical problems');
INSERT INTO ACTIVITYCODES (CODE, NAME_EN) VALUES (U&'NC',U&'Net cleaning set');
INSERT INTO ACTIVITYCODES (CODE, NAME_EN) VALUES (U&'DF',U&'Deploy - raft, FAD, payao');
INSERT INTO ACTIVITYCODES (CODE, NAME_EN) VALUES (U&'RF',U&'Retrieve - raft, FAD, payao');
INSERT INTO ACTIVITYCODES (CODE, NAME_EN) VALUES (U&'DB',U&'Deploy radio buoy/beacon');
INSERT INTO ACTIVITYCODES (CODE, NAME_EN) VALUES (U&'RB',U&'Retrieve radio buoy/beacon');
INSERT INTO ACTIVITYCODES (CODE, NAME_EN) VALUES (U&'TR',U&'Transhipping or bunkering');

INSERT INTO DEPTHOFNETDEPLOYMENT (CODE, NAME_EN) VALUES (U&'NSU',U&'Surface');
INSERT INTO DEPTHOFNETDEPLOYMENT (CODE, NAME_EN) VALUES (U&'NSS',U&'Sub-surface');
INSERT INTO DEPTHOFNETDEPLOYMENT (CODE, NAME_EN) VALUES (U&'NBO',U&'Bottom');

INSERT INTO SURFACEFISHERIESSCHOOLSIGHTINGCODES (CODE, NAME_EN) VALUES (U&'SV',U&'Seen from vessel');
INSERT INTO SURFACEFISHERIESSCHOOLSIGHTINGCODES (CODE, NAME_EN) VALUES (U&'SH',U&'Seen from helicopter');
INSERT INTO SURFACEFISHERIESSCHOOLSIGHTINGCODES (CODE, NAME_EN) VALUES (U&'MB',U&'Marked with beacon');
INSERT INTO SURFACEFISHERIESSCHOOLSIGHTINGCODES (CODE, NAME_EN) VALUES (U&'BR',U&'Bird radar');
INSERT INTO SURFACEFISHERIESSCHOOLSIGHTINGCODES (CODE, NAME_EN) VALUES (U&'AS',U&'Acoustic – sonar / depth sounder');
INSERT INTO SURFACEFISHERIESSCHOOLSIGHTINGCODES (CODE, NAME_EN) VALUES (U&'IV',U&'Info. from other vessel');
INSERT INTO SURFACEFISHERIESSCHOOLSIGHTINGCODES (CODE, NAME_EN) VALUES (U&'FAD',U&'FAD');
INSERT INTO SURFACEFISHERIESSCHOOLSIGHTINGCODES (CODE, NAME_EN) VALUES (U&'OTH',U&'Other (specify)');

INSERT INTO BAITTYPE (CODE, NAME_EN) VALUES (U&'BLI',U&'Live bait');
INSERT INTO BAITTYPE (CODE, NAME_EN) VALUES (U&'FRC',U&'Frozen/chopped');
INSERT INTO BAITTYPE (CODE, NAME_EN) VALUES (U&'THC',U&'Thawed/chopped');
INSERT INTO BAITTYPE (CODE, NAME_EN) VALUES (U&'FRW',U&'Frozen/whole');
INSERT INTO BAITTYPE (CODE, NAME_EN) VALUES (U&'THW',U&'Thawed/whole');
INSERT INTO BAITTYPE (CODE, NAME_EN) VALUES (U&'BOT',U&'Other');

INSERT INTO NETSETTINGSTRATEGY (CODE, NAME_EN) VALUES (U&'NAN',U&'Net anchored (i.e. remains attached to boat)');
INSERT INTO NETSETTINGSTRATEGY (CODE, NAME_EN) VALUES (U&'NDR',U&'Net is left drifting');
INSERT INTO NETSETTINGSTRATEGY (CODE, NAME_EN) VALUES (U&'GEN',U&'Encircling');

INSERT INTO SCHOOLASSOCIATION (CODE, NAME_EN, NAME_FR) VALUES (U&'FSU',U&'Unassociated (free school)*',U&'Banc libre');
INSERT INTO SCHOOLASSOCIATION (CODE, NAME_EN, NAME_FR) VALUES (U&'FSB',U&'feeding on baitfish (free school)',NULL);
INSERT INTO SCHOOLASSOCIATION (CODE, NAME_EN, NAME_FR) VALUES (U&'LS',U&'Drifting log, debris, dead animal',U&'Epave naturelle, cadavre d\0027animal');
INSERT INTO SCHOOLASSOCIATION (CODE, NAME_EN, NAME_FR) VALUES (U&'DFAD',U&'Drifting rafts, FAD',U&'Radeau artificiel (Dispositif Concentrateur de Poissons) dérivant');
INSERT INTO SCHOOLASSOCIATION (CODE, NAME_EN, NAME_FR) VALUES (U&'AFAD',U&'Anchored raft/payao',U&'Radeau artificiel (Dispositif Concentrateur de Poissons) ancré');
INSERT INTO SCHOOLASSOCIATION (CODE, NAME_EN, NAME_FR) VALUES (U&'LW',U&'Live whale',U&'Baleine vivante');
INSERT INTO SCHOOLASSOCIATION (CODE, NAME_EN, NAME_FR) VALUES (U&'LWS',U&'Live whale shark',U&'Requin baleine vivant');
INSERT INTO SCHOOLASSOCIATION (CODE, NAME_EN, NAME_FR) VALUES (U&'OTH',U&'Other (specify)',U&'Autre (spécifier)');
INSERT INTO SCHOOLASSOCIATION (CODE, NAME_EN, NAME_FR) VALUES (U&'DOL',U&'Dolphin associated',U&'Dauphins associés');
INSERT INTO SCHOOLASSOCIATION (CODE, NAME_EN, NAME_FR) VALUES (U&'NTA',U&'No tuna associated (blank set)',NULL);
INSERT INTO SCHOOLASSOCIATION (CODE, NAME_EN, NAME_FR) VALUES (U&'SM',U&'Seamount (common for P&L)',NULL);

INSERT INTO STUNNINGCODES (CODE, NAME_EN, NAME_FR) VALUES (U&'CO2',U&'Carbon dioxide narcosis',U&'Le dioxyde de carbone narcose');
INSERT INTO STUNNINGCODES (CODE, NAME_EN, NAME_FR) VALUES (U&'PS',U&'Percussive stunning',NULL);
INSERT INTO STUNNINGCODES (CODE, NAME_EN, NAME_FR) VALUES (U&'SP',U&'Spiking',NULL);
INSERT INTO STUNNINGCODES (CODE, NAME_EN, NAME_FR) VALUES (U&'ELC',U&'Electrocution',U&'électrocution');

INSERT INTO PROCESSINGTYPE (CODE, NAME_EN, NAME_FR) VALUES (U&'RD',U&'None; Round (whole, live)',U&'Poids vif (entier)');
INSERT INTO PROCESSINGTYPE (CODE, NAME_EN, NAME_FR) VALUES (U&'GG',U&'Gilled-and-gutted (bill-off)',U&'Poids éviscéré (sans rostre)');
INSERT INTO PROCESSINGTYPE (CODE, NAME_EN, NAME_FR) VALUES (U&'HD',U&'Headed-and-gutted',U&'Poids étêté et éviscéré');
INSERT INTO PROCESSINGTYPE (CODE, NAME_EN, NAME_FR) VALUES (U&'PD',U&'Headed and caudal peduncle-off',U&'Poids étêté, éviscéré et sans pédoncule caudal');
INSERT INTO PROCESSINGTYPE (CODE, NAME_EN, NAME_FR) VALUES (U&'HT',U&'Headed and tailed',U&'Poids étêté, éviscéré et sans nageoire caudale');
INSERT INTO PROCESSINGTYPE (CODE, NAME_EN, NAME_FR) VALUES (U&'HG',U&'Headed, gutted and tailed',U&'Etêté, éviscéré et sans nageoire caudale');
INSERT INTO PROCESSINGTYPE (CODE, NAME_EN, NAME_FR) VALUES (U&'FL',U&'Fish loins',U&'Longes de poisson');
INSERT INTO PROCESSINGTYPE (CODE, NAME_EN, NAME_FR) VALUES (U&'GT',U&'Gilled, gutted and tailed',NULL);
INSERT INTO PROCESSINGTYPE (CODE, NAME_EN, NAME_FR) VALUES (U&'GO',U&'Gutted only (gills left)',NULL);
INSERT INTO PROCESSINGTYPE (CODE, NAME_EN, NAME_FR) VALUES (U&'FW',U&'Fillet',NULL);
INSERT INTO PROCESSINGTYPE (CODE, NAME_EN, NAME_FR) VALUES (U&'FT',U&'Fins and trunk (shark)',NULL);
INSERT INTO PROCESSINGTYPE (CODE, NAME_EN, NAME_FR) VALUES (U&'SF',U&'Fins (shark)',NULL);

INSERT INTO EXTRAPOLATIONMETHOD (CODE, NAME_EN, NAME_FR) VALUES (U&'TE',U&'Total enumeration: All individuals caught in the operation are taken into consideration',U&'Exhaustivité: Tous les individus de l\0027espèce capturés durant l\0027opération sont pris en consideration');
INSERT INTO EXTRAPOLATIONMETHOD (CODE, NAME_EN, NAME_FR) VALUES (U&'SE',U&'Sample extrapolated: A sample or more is taken and is extrapolated to the total catch of the operation',U&'Echantillon extrapolé: Un échantillon ou plusieurs est prélevé et est extrapolé à la capture de l\0027opération');
INSERT INTO EXTRAPOLATIONMETHOD (CODE, NAME_EN, NAME_FR) VALUES (U&'SNE',U&'Unextrapolated sample: A sample or more is taken but is not extrapolated to the total catch of the operation',U&'Echantillon non extrapolé: Un échantillon est prélévé mais n\0027a pas été extrapolé à la capture de l\0027opération');

INSERT INTO SCARCODE (CODE, NAME_EN, NAME_FR) VALUES (U&'NS',U&'No scar',NULL);
INSERT INTO SCARCODE (CODE, NAME_EN, NAME_FR) VALUES (U&'TS',U&'Tag scar',NULL);
INSERT INTO SCARCODE (CODE, NAME_EN, NAME_FR) VALUES (U&'SK',U&'Shark/killer whale',NULL);
INSERT INTO SCARCODE (CODE, NAME_EN, NAME_FR) VALUES (U&'MM',U&'Marine mammal',NULL);
INSERT INTO SCARCODE (CODE, NAME_EN, NAME_FR) VALUES (U&'CC',U&'Cookie-cutter shark',NULL);
INSERT INTO SCARCODE (CODE, NAME_EN, NAME_FR) VALUES (U&'BA',U&'Depredation on bait',NULL);
INSERT INTO SCARCODE (CODE, NAME_EN, NAME_FR) VALUES (U&'OT',U&'Other (specify)',NULL);
INSERT INTO SCARCODE (CODE, NAME_EN, NAME_FR) VALUES (U&'UNK',U&'Unknown',NULL);

INSERT INTO SEXCODE (CODE, NAME_EN, NAME_FR) VALUES (U&'M',U&'Male',NULL);
INSERT INTO SEXCODE (CODE, NAME_EN, NAME_FR) VALUES (U&'F',U&'Female',NULL);
INSERT INTO SEXCODE (CODE, NAME_EN, NAME_FR) VALUES (U&'UNK',U&'Not determined',NULL);

INSERT INTO GILLNETCAPTURECODE (CODE, NAME_EN, NAME_FR) VALUES (U&'GI',U&'Gilled',NULL);
INSERT INTO GILLNETCAPTURECODE (CODE, NAME_EN, NAME_FR) VALUES (U&'EN',U&'Entangled',NULL);

INSERT INTO FATEOFINCIDENTALCODE (CODE, NAME_EN) VALUES (U&'DTS',U&'Discarded - too small. Fish of no commercial value due to being of small size');
INSERT INTO FATEOFINCIDENTALCODE (CODE, NAME_EN) VALUES (U&'DUS',U&'Discarded - Unwanted species (e.g. with no commercial value or other than target species)');
INSERT INTO FATEOFINCIDENTALCODE (CODE, NAME_EN) VALUES (U&'DRB',U&'Discarded - retention ban on the species (IOTC or flag state measures)');
INSERT INTO FATEOFINCIDENTALCODE (CODE, NAME_EN) VALUES (U&'DFL',U&'Discarded - vessel fully loaded');
INSERT INTO FATEOFINCIDENTALCODE (CODE, NAME_EN) VALUES (U&'DUD',U&'Discarded – due to IOTC retention ban');
INSERT INTO FATEOFINCIDENTALCODE (CODE, NAME_EN) VALUES (U&'DPQ',U&'Discarded - poor quality. Fish in very poor condition (e.g. due to gear damage or depredation)');
INSERT INTO FATEOFINCIDENTALCODE (CODE, NAME_EN) VALUES (U&'DDL',U&'Discarded - too difficult to land');
INSERT INTO FATEOFINCIDENTALCODE (CODE, NAME_EN) VALUES (U&'DFR',U&'Discarded trunk - fins retained (shark only)');
INSERT INTO FATEOFINCIDENTALCODE (CODE, NAME_EN) VALUES (U&'RCP',U&'Retained - crew consumption (due to depredation)');
INSERT INTO FATEOFINCIDENTALCODE (CODE, NAME_EN) VALUES (U&'RCC',U&'Retained - crew consumption (not due to depredation)');
INSERT INTO FATEOFINCIDENTALCODE (CODE, NAME_EN) VALUES (U&'RFL',U&'Retained - for landing');
INSERT INTO FATEOFINCIDENTALCODE (CODE, NAME_EN) VALUES (U&'RFR',U&'Retained trunk - fins retained (shark only)');
INSERT INTO FATEOFINCIDENTALCODE (CODE, NAME_EN) VALUES (U&'RFT',U&'Retained for at-sea-transhipment');
INSERT INTO FATEOFINCIDENTALCODE (CODE, NAME_EN) VALUES (U&'ESC',U&'Escaped');

INSERT INTO CONDITIONOFINCIDENTALCAPTURE (CODE, NAME_EN) VALUES (U&'A0',U&'Alive but unknown condition');
INSERT INTO CONDITIONOFINCIDENTALCAPTURE (CODE, NAME_EN) VALUES (U&'A1',U&'Alive - active, healthy');
INSERT INTO CONDITIONOFINCIDENTALCAPTURE (CODE, NAME_EN) VALUES (U&'A2',U&'Alive - injured, distressed');
INSERT INTO CONDITIONOFINCIDENTALCAPTURE (CODE, NAME_EN) VALUES (U&'A3',U&'Alive - very weak, dying');
INSERT INTO CONDITIONOFINCIDENTALCAPTURE (CODE, NAME_EN) VALUES (U&'D',U&'Dead');
INSERT INTO CONDITIONOFINCIDENTALCAPTURE (CODE, NAME_EN) VALUES (U&'U',U&'Condition unknown');

INSERT INTO TAGCODE (CODE, NAME_EN) VALUES (U&'TC',U&'Conventional (plastic spaghetti or dart tags are attached on the back of the fish)');
INSERT INTO TAGCODE (CODE, NAME_EN) VALUES (U&'TR',U&'Rototags (a two-piece, plastic cattle ear tag, which is inserted through the first dorsal fin)');
INSERT INTO TAGCODE (CODE, NAME_EN) VALUES (U&'TS',U&'Sonic tags (miniature radio transmitting devices that are surgically implanted inside the tuna. Since these are not visible externally, a conventional tag of a certain colour will be visible on the outside).');
INSERT INTO TAGCODE (CODE, NAME_EN) VALUES (U&'TP',U&'Pop-up tags (Pop-up Satellite Archival Tags are inserted with an anchor and a tether into the dorsal musculature, recording temperature, pressure, and light, and they detach from the animal on a pre-programmed date).');
INSERT INTO TAGCODE (CODE, NAME_EN) VALUES (U&'TI',U&'Internal archival tags (internal archival tags are implanted in the body cavity and record internal body temperature and the environment’s temperature, pressure, and light).');
INSERT INTO TAGCODE (CODE, NAME_EN) VALUES (U&'TT',U&'Smart Position or Temperature Transmitting  tags are attached to the dorsal fin and send a signal to a satellite every time the animal surfaces');
INSERT INTO TAGCODE (CODE, NAME_EN) VALUES (U&'TO',U&'Other (specify)');